hash,type,name
9a60d2dac7b00bbe,import,cor
678ac915d41df95d,target,dimPat_patDF_fm_3_2_1_1
678ac915d41df95d,target,dimPat_patDF_fm_3_2_1_2
678ac915d41df95d,target,dimPat_patDF_fm_3_2_2_1
678ac915d41df95d,target,dimPat_patDF_fm_3_2_2_2
9f3577b665bdd7c0,target,dimPat_patDF_fm_6_2_1_1
9f3577b665bdd7c0,target,dimPat_patDF_fm_6_2_1_2
9f3577b665bdd7c0,target,dimPat_patDF_fm_6_2_2_1
9f3577b665bdd7c0,target,dimPat_patDF_fm_6_2_2_2
b5b5394c4fff10ae,target,dimSpec_specDF_fm_3_2_1_1
d69546dbd82f04f2,target,dimSpec_specDF_fm_3_2_1_2
5cc2a8bffd3d8d58,target,dimSpec_specDF_fm_3_2_2_1
064f754883d317e0,target,dimSpec_specDF_fm_3_2_2_2
85273f47d654871d,target,dimSpec_specDF_fm_6_2_1_1
c6b4fd8e5e851cd2,target,dimSpec_specDF_fm_6_2_1_2
f57c3d60ac5ff0b1,target,dimSpec_specDF_fm_6_2_2_1
7813c254d15c6178,target,dimSpec_specDF_fm_6_2_2_2
32183e1d24db8c58,import,dpath
c7f1e618ac1f2468,import,feature_filter
fc93ee8bb695ca6f,target,files_3_2_1_1
1cf3228a33c89ea3,target,files_3_2_1_2
62010fd01abef7d2,target,files_3_2_2_1
cbf023bc4ae2929c,target,files_3_2_2_2
9ee31486b122f682,target,files_6_2_1_1
fd990f3a3d6934e5,target,files_6_2_1_2
2a4ba14486b2b8bf,target,files_6_2_2_1
23b8ee15e17fcdf3,target,files_6_2_2_2
fd1ccc3b65d5f91d,import,filter_corr
9e07916061719ed9,target,filter_fm_Corr_normalized_fm_None_smpl_splited_fm_fm_3_2_1_1
c7ce3989d360f0f9,target,filter_fm_Corr_normalized_fm_None_smpl_splited_fm_fm_3_2_1_2
d6a9a3b0b7237c03,target,filter_fm_Corr_normalized_fm_None_smpl_splited_fm_fm_3_2_2_1
bbfc339a966b788d,target,filter_fm_Corr_normalized_fm_None_smpl_splited_fm_fm_3_2_2_2
31b449d900712ff9,target,filter_fm_Corr_normalized_fm_None_smpl_splited_fm_fm_6_2_1_1
e18926d1849542ce,target,filter_fm_Corr_normalized_fm_None_smpl_splited_fm_fm_6_2_1_2
e6f8da1d673f4e89,target,filter_fm_Corr_normalized_fm_None_smpl_splited_fm_fm_6_2_2_1
76e3fd9ea66ad13d,target,filter_fm_Corr_normalized_fm_None_smpl_splited_fm_fm_6_2_2_2
7055ab1ecb50e307,target,filter_fm_None_normalized_fm_None_smpl_splited_fm_fm_3_2_1_1
035a2908fbc11bbd,target,filter_fm_None_normalized_fm_None_smpl_splited_fm_fm_3_2_1_2
a7364f04b8c77394,target,filter_fm_None_normalized_fm_None_smpl_splited_fm_fm_3_2_2_1
2d67c19f76412afd,target,filter_fm_None_normalized_fm_None_smpl_splited_fm_fm_3_2_2_2
a33945fe1ca16485,target,filter_fm_None_normalized_fm_None_smpl_splited_fm_fm_6_2_1_1
46870b836db30d72,target,filter_fm_None_normalized_fm_None_smpl_splited_fm_fm_6_2_1_2
9f1c46f15200d31f,target,filter_fm_None_normalized_fm_None_smpl_splited_fm_fm_6_2_2_1
d90c4ceb2dec9c0b,target,filter_fm_None_normalized_fm_None_smpl_splited_fm_fm_6_2_2_2
0486d961ebc8a161,target,filter_fm_ZVar_normalized_fm_None_smpl_splited_fm_fm_3_2_1_1
52a4f4322f3607a7,target,filter_fm_ZVar_normalized_fm_None_smpl_splited_fm_fm_3_2_1_2
49fdae0de5b128af,target,filter_fm_ZVar_normalized_fm_None_smpl_splited_fm_fm_3_2_2_1
6183d8a174d3ab18,target,filter_fm_ZVar_normalized_fm_None_smpl_splited_fm_fm_3_2_2_2
58c7819e73caf353,target,filter_fm_ZVar_normalized_fm_None_smpl_splited_fm_fm_6_2_1_1
24a1a32ac03c2604,target,filter_fm_ZVar_normalized_fm_None_smpl_splited_fm_fm_6_2_1_2
8bc066946d850e4d,target,filter_fm_ZVar_normalized_fm_None_smpl_splited_fm_fm_6_2_2_1
141053389704cae0,target,filter_fm_ZVar_normalized_fm_None_smpl_splited_fm_fm_6_2_2_2
fc1a7a7b2e40e6cf,target,filter_fm_structure.1L...Label...c.Corr..None..ZVar...class...factor._normalized_fm_None_smpl_splited_fm_fm_3_2_1_2
c79dca69578667e0,target,filter_fm_structure.2L...Label...c.Corr..None..ZVar...class...factor._normalized_fm_None_smpl_splited_fm_fm_3_2_1_2
0c24f2a69c4618ad,target,filter_fm_structure.3L...Label...c.Corr..None..ZVar...class...factor._normalized_fm_None_smpl_splited_fm_fm_3_2_1_2
ae8eb2c6d84a2c11,import,filter_nzv
c7b0f61853fdc40a,target,fm_3_2_1_1
89c9ac80868c2672,target,fm_3_2_1_2
9dcf99cd9ce61450,target,fm_3_2_2_1
c8797b206e6142d0,target,fm_3_2_2_2
552ef11d5e9b8317,target,fm_6_2_1_1
3360aa5e62a935ce,target,fm_6_2_1_2
9ed290cd90a4a8b8,target,fm_6_2_2_1
7b6c665d66419bb6,target,fm_6_2_2_2
23820ecefe528a4e,import,getFreeMem
9b337c8d0a8444f1,import,get_dim
4758f9bd61ea07b6,import,get_fm_fname
62f14bab5e130608,import,get_mdt
39b2c9c267fd54ab,import,get_pat_df
a7147e7f0b86e7ce,import,get_spec_df
e74789c6f830a5a9,import,groups
decfa12cef74dcca,import,load_dataset
5158a4ad96d3b8d3,import,make_point_plot
f53a8f4b97e39009,target,ms_setup_2_1_1
1f35b69a5baa57f3,target,ms_setup_2_1_2
36f9439f5abf9401,import,dplyr::select
a7fc504cc919bf7a,import,normalize
e1bd130364ed9b8f,target,normalized_fm_None_smpl_splited_fm_fm_3_2_1_1
3376b7adf03cac32,target,normalized_fm_None_smpl_splited_fm_fm_3_2_1_2
4fecb7ab22a30a5c,target,normalized_fm_None_smpl_splited_fm_fm_3_2_2_1
14437c71f22b847d,target,normalized_fm_None_smpl_splited_fm_fm_3_2_2_2
26f5e209f5c89461,target,normalized_fm_None_smpl_splited_fm_fm_6_2_1_1
84b5c1936d8e9b8a,target,normalized_fm_None_smpl_splited_fm_fm_6_2_1_2
57e0178e8896b499,target,normalized_fm_None_smpl_splited_fm_fm_6_2_2_1
6ba10dbcd23a9a0c,target,normalized_fm_None_smpl_splited_fm_fm_6_2_2_2
3ea8d2dc9b9879ac,target,file Corr
3ea8d2dc9b9879ac,target,file None
3ea8d2dc9b9879ac,target,file ZVar
9df866da10eef7f3,target,file patStat.csv
3ea8d2dc9b9879ac,target,file peak2019.diag_%d.res_%d.mode_%d.mz_%d.norm_%s.cv10.%s.plot.pdf
3ea8d2dc9b9879ac,target,file peak2019.diag_%d.res_%d.mode_%d.mz_%d.norm_%s.cv10.%s.plot_box.pdf
3ea8d2dc9b9879ac,target,file peak2019.diag_%d.res_%d.mode_%d.mz_%d.norm_%s.cv10.%s.plot_point.pdf
3ea8d2dc9b9879ac,target,file peak2019.diag_%d.res_%d.mode_%d.mz_%d.ftype_%s.norm_%s.cv10.%s.plot_point.pdf
3ea8d2dc9b9879ac,target,file peak2019.diag_%d.res_%d.mode_%d.mz_%d.ftype_%s.norm_%s.cv10.%s.plot_point.train.pdf
3ea8d2dc9b9879ac,target,file peak2019.diag_%d.res_%d.mode_%d.mz_%d.ftype_%s.norm_%s.cv10.%s.plot_box.pdf
3ea8d2dc9b9879ac,target,file peak2019.diag_%d.res_%d.mode_%d.mz_%d.ftype_%s.norm_%s.cv10.%s.plot_box.train.pdf
3ea8d2dc9b9879ac,target,file rf
189559ac2e770364,target,file specStat.csv
3ea8d2dc9b9879ac,target,file xgb
e9a5ac04844852ff,import,paretoscale
0851caf9470d1f73,target,patDF_fm_3_2_1_1
538fa594fd1fc8d1,target,patDF_fm_3_2_1_2
b30d37c1ab238dea,target,patDF_fm_3_2_2_1
d372f20feeb2f285,target,patDF_fm_3_2_2_2
ee70e38b9e05ce97,target,patDF_fm_6_2_1_1
7d524b1ecdf86175,target,patDF_fm_6_2_1_2
8175d2751a32e067,target,patDF_fm_6_2_2_1
423eb927b6cfb66d,target,patDF_fm_6_2_2_2
e5f7afbfef19a2bb,target,patStat
4f4ccc201ba4bd32,target,plot_rf_boxT_test_rf_rf_cv10_filter_fm_Corr_normalized_fm_None_smpl_splited_fm_fm_3_2_1_1
24cc0d7893ea4284,target,plot_rf_boxT_test_rf_rf_cv10_filter_fm_Corr_normalized_fm_None_smpl_splited_fm_fm_3_2_1_2
3959a04f7452628b,target,plot_rf_boxT_test_rf_rf_cv10_filter_fm_Corr_normalized_fm_None_smpl_splited_fm_fm_3_2_2_1
b04f9dee020c00c9,target,plot_rf_boxT_test_rf_rf_cv10_filter_fm_Corr_normalized_fm_None_smpl_splited_fm_fm_3_2_2_2
9ed9434e6a6ad864,target,plot_rf_boxT_test_rf_rf_cv10_filter_fm_Corr_normalized_fm_None_smpl_splited_fm_fm_6_2_1_1
886d5d316dd3c1fa,target,plot_rf_boxT_test_rf_rf_cv10_filter_fm_Corr_normalized_fm_None_smpl_splited_fm_fm_6_2_1_2
1772b99e0dd6ec3e,target,plot_rf_boxT_test_rf_rf_cv10_filter_fm_Corr_normalized_fm_None_smpl_splited_fm_fm_6_2_2_1
3c3696af6a159cf1,target,plot_rf_boxT_test_rf_rf_cv10_filter_fm_Corr_normalized_fm_None_smpl_splited_fm_fm_6_2_2_2
b4a158bc0d4b9ebb,target,plot_rf_boxT_test_rf_rf_cv10_filter_fm_None_normalized_fm_None_smpl_splited_fm_fm_3_2_1_1
a3e09646d8e2e193,target,plot_rf_boxT_test_rf_rf_cv10_filter_fm_None_normalized_fm_None_smpl_splited_fm_fm_3_2_1_2
b9bcf1a4468f1e09,target,plot_rf_boxT_test_rf_rf_cv10_filter_fm_None_normalized_fm_None_smpl_splited_fm_fm_3_2_2_1
f5bc908597e756ca,target,plot_rf_boxT_test_rf_rf_cv10_filter_fm_None_normalized_fm_None_smpl_splited_fm_fm_3_2_2_2
31b110be7cfdd47d,target,plot_rf_boxT_test_rf_rf_cv10_filter_fm_None_normalized_fm_None_smpl_splited_fm_fm_6_2_1_1
ea5c68f4157bd301,target,plot_rf_boxT_test_rf_rf_cv10_filter_fm_None_normalized_fm_None_smpl_splited_fm_fm_6_2_1_2
8ddbbfd9b9743b71,target,plot_rf_boxT_test_rf_rf_cv10_filter_fm_None_normalized_fm_None_smpl_splited_fm_fm_6_2_2_1
8db4332abb786dd4,target,plot_rf_boxT_test_rf_rf_cv10_filter_fm_None_normalized_fm_None_smpl_splited_fm_fm_6_2_2_2
dca5bc0599148e8c,target,plot_rf_boxT_test_rf_rf_cv10_filter_fm_ZVar_normalized_fm_None_smpl_splited_fm_fm_3_2_1_1
c626ba83c3cd4390,target,plot_rf_boxT_test_rf_rf_cv10_filter_fm_ZVar_normalized_fm_None_smpl_splited_fm_fm_3_2_1_2
35702d087720bec4,target,plot_rf_boxT_test_rf_rf_cv10_filter_fm_ZVar_normalized_fm_None_smpl_splited_fm_fm_3_2_2_1
e42897bbe0dc0ccd,target,plot_rf_boxT_test_rf_rf_cv10_filter_fm_ZVar_normalized_fm_None_smpl_splited_fm_fm_3_2_2_2
2a50e6c23cf335f5,target,plot_rf_boxT_test_rf_rf_cv10_filter_fm_ZVar_normalized_fm_None_smpl_splited_fm_fm_6_2_1_1
e2853c9e05339946,target,plot_rf_boxT_test_rf_rf_cv10_filter_fm_ZVar_normalized_fm_None_smpl_splited_fm_fm_6_2_1_2
b28d352402f03ab2,target,plot_rf_boxT_test_rf_rf_cv10_filter_fm_ZVar_normalized_fm_None_smpl_splited_fm_fm_6_2_2_1
4237ef8474006552,target,plot_rf_boxT_test_rf_rf_cv10_filter_fm_ZVar_normalized_fm_None_smpl_splited_fm_fm_6_2_2_2
21f46c6547b2e869,target,plot_rf_box_test_rf_rf_cv10_filter_fm_Corr_normalized_fm_None_smpl_splited_fm_fm_3_2_1_1
f26c7ab245804ce1,target,plot_rf_box_test_rf_rf_cv10_filter_fm_Corr_normalized_fm_None_smpl_splited_fm_fm_3_2_1_2
9a9655f71d43be5d,target,plot_rf_box_test_rf_rf_cv10_filter_fm_Corr_normalized_fm_None_smpl_splited_fm_fm_3_2_2_1
0a5568e0ab6eace6,target,plot_rf_box_test_rf_rf_cv10_filter_fm_Corr_normalized_fm_None_smpl_splited_fm_fm_3_2_2_2
961b18276ba29b15,target,plot_rf_box_test_rf_rf_cv10_filter_fm_Corr_normalized_fm_None_smpl_splited_fm_fm_6_2_1_1
c2b474c6ecaa3292,target,plot_rf_box_test_rf_rf_cv10_filter_fm_Corr_normalized_fm_None_smpl_splited_fm_fm_6_2_1_2
2c62893e13db20a4,target,plot_rf_box_test_rf_rf_cv10_filter_fm_Corr_normalized_fm_None_smpl_splited_fm_fm_6_2_2_1
7be7036718e8477c,target,plot_rf_box_test_rf_rf_cv10_filter_fm_Corr_normalized_fm_None_smpl_splited_fm_fm_6_2_2_2
b226d6c6f0cb2f36,target,plot_rf_box_test_rf_rf_cv10_filter_fm_None_normalized_fm_None_smpl_splited_fm_fm_3_2_1_1
35dc38800e3f58d3,target,plot_rf_box_test_rf_rf_cv10_filter_fm_None_normalized_fm_None_smpl_splited_fm_fm_3_2_1_2
306f40e4dca3918b,target,plot_rf_box_test_rf_rf_cv10_filter_fm_None_normalized_fm_None_smpl_splited_fm_fm_3_2_2_1
18452c16f2abd0d0,target,plot_rf_box_test_rf_rf_cv10_filter_fm_None_normalized_fm_None_smpl_splited_fm_fm_3_2_2_2
05d9667587fa24e4,target,plot_rf_box_test_rf_rf_cv10_filter_fm_None_normalized_fm_None_smpl_splited_fm_fm_6_2_1_1
db0a073fc1f72e98,target,plot_rf_box_test_rf_rf_cv10_filter_fm_None_normalized_fm_None_smpl_splited_fm_fm_6_2_1_2
edf14c534944b5fe,target,plot_rf_box_test_rf_rf_cv10_filter_fm_None_normalized_fm_None_smpl_splited_fm_fm_6_2_2_1
8afe041aa88a1ecd,target,plot_rf_box_test_rf_rf_cv10_filter_fm_None_normalized_fm_None_smpl_splited_fm_fm_6_2_2_2
674e21348d1d6da2,target,plot_rf_box_test_rf_rf_cv10_filter_fm_ZVar_normalized_fm_None_smpl_splited_fm_fm_3_2_1_1
785e3b811b6981c5,target,plot_rf_box_test_rf_rf_cv10_filter_fm_ZVar_normalized_fm_None_smpl_splited_fm_fm_3_2_1_2
5df352dbdb2f179d,target,plot_rf_box_test_rf_rf_cv10_filter_fm_ZVar_normalized_fm_None_smpl_splited_fm_fm_3_2_2_1
54764cef5a4e036d,target,plot_rf_box_test_rf_rf_cv10_filter_fm_ZVar_normalized_fm_None_smpl_splited_fm_fm_3_2_2_2
b0d7de97768d54da,target,plot_rf_box_test_rf_rf_cv10_filter_fm_ZVar_normalized_fm_None_smpl_splited_fm_fm_6_2_1_1
b7caa5a99de3d11e,target,plot_rf_box_test_rf_rf_cv10_filter_fm_ZVar_normalized_fm_None_smpl_splited_fm_fm_6_2_1_2
5c74e66eb9e5f609,target,plot_rf_box_test_rf_rf_cv10_filter_fm_ZVar_normalized_fm_None_smpl_splited_fm_fm_6_2_2_1
aecf14a7427b8303,target,plot_rf_box_test_rf_rf_cv10_filter_fm_ZVar_normalized_fm_None_smpl_splited_fm_fm_6_2_2_2
7f9a0f4722ff17b4,target,plot_rf_pointT_test_rf_rf_cv10_filter_fm_Corr_normalized_fm_None_smpl_splited_fm_fm_3_2_1_1
a3288c1706c18ac0,target,plot_rf_pointT_test_rf_rf_cv10_filter_fm_Corr_normalized_fm_None_smpl_splited_fm_fm_3_2_1_2
3af01820c72ce090,target,plot_rf_pointT_test_rf_rf_cv10_filter_fm_Corr_normalized_fm_None_smpl_splited_fm_fm_3_2_2_1
1bbcc43a5479fd5a,target,plot_rf_pointT_test_rf_rf_cv10_filter_fm_Corr_normalized_fm_None_smpl_splited_fm_fm_3_2_2_2
a357ebf776901b5b,target,plot_rf_pointT_test_rf_rf_cv10_filter_fm_Corr_normalized_fm_None_smpl_splited_fm_fm_6_2_1_1
4be1820808258375,target,plot_rf_pointT_test_rf_rf_cv10_filter_fm_Corr_normalized_fm_None_smpl_splited_fm_fm_6_2_1_2
10f8ec05dd3b0d94,target,plot_rf_pointT_test_rf_rf_cv10_filter_fm_Corr_normalized_fm_None_smpl_splited_fm_fm_6_2_2_1
b0a936c94fb4bbe2,target,plot_rf_pointT_test_rf_rf_cv10_filter_fm_Corr_normalized_fm_None_smpl_splited_fm_fm_6_2_2_2
5e3408cb86c2962e,target,plot_rf_pointT_test_rf_rf_cv10_filter_fm_None_normalized_fm_None_smpl_splited_fm_fm_3_2_1_1
b9edeed70c1dfb07,target,plot_rf_pointT_test_rf_rf_cv10_filter_fm_None_normalized_fm_None_smpl_splited_fm_fm_3_2_1_2
688748dade5727d5,target,plot_rf_pointT_test_rf_rf_cv10_filter_fm_None_normalized_fm_None_smpl_splited_fm_fm_3_2_2_1
721b447c21cfbdc5,target,plot_rf_pointT_test_rf_rf_cv10_filter_fm_None_normalized_fm_None_smpl_splited_fm_fm_3_2_2_2
42a08e8bb2e5e98e,target,plot_rf_pointT_test_rf_rf_cv10_filter_fm_None_normalized_fm_None_smpl_splited_fm_fm_6_2_1_1
d1cfdff598d82af5,target,plot_rf_pointT_test_rf_rf_cv10_filter_fm_None_normalized_fm_None_smpl_splited_fm_fm_6_2_1_2
189218eed79fcfd2,target,plot_rf_pointT_test_rf_rf_cv10_filter_fm_None_normalized_fm_None_smpl_splited_fm_fm_6_2_2_1
3242cce0424fd9db,target,plot_rf_pointT_test_rf_rf_cv10_filter_fm_None_normalized_fm_None_smpl_splited_fm_fm_6_2_2_2
8677da412852d59c,target,plot_rf_pointT_test_rf_rf_cv10_filter_fm_ZVar_normalized_fm_None_smpl_splited_fm_fm_3_2_1_1
8f7a1ba3b0fd4380,target,plot_rf_pointT_test_rf_rf_cv10_filter_fm_ZVar_normalized_fm_None_smpl_splited_fm_fm_3_2_1_2
6900bcac515cf2b4,target,plot_rf_pointT_test_rf_rf_cv10_filter_fm_ZVar_normalized_fm_None_smpl_splited_fm_fm_3_2_2_1
f83636684575825e,target,plot_rf_pointT_test_rf_rf_cv10_filter_fm_ZVar_normalized_fm_None_smpl_splited_fm_fm_3_2_2_2
63cc9c1973357e91,target,plot_rf_pointT_test_rf_rf_cv10_filter_fm_ZVar_normalized_fm_None_smpl_splited_fm_fm_6_2_1_1
718222a16aba288d,target,plot_rf_pointT_test_rf_rf_cv10_filter_fm_ZVar_normalized_fm_None_smpl_splited_fm_fm_6_2_1_2
4dbca5906906cf08,target,plot_rf_pointT_test_rf_rf_cv10_filter_fm_ZVar_normalized_fm_None_smpl_splited_fm_fm_6_2_2_1
332347a86eda1387,target,plot_rf_pointT_test_rf_rf_cv10_filter_fm_ZVar_normalized_fm_None_smpl_splited_fm_fm_6_2_2_2
2d759197745fa717,target,plot_rf_point_test_rf_rf_cv10_filter_fm_Corr_normalized_fm_None_smpl_splited_fm_fm_3_2_1_1
18dd5802aa3a9a6b,target,plot_rf_point_test_rf_rf_cv10_filter_fm_Corr_normalized_fm_None_smpl_splited_fm_fm_3_2_1_2
6b6a82a769209112,target,plot_rf_point_test_rf_rf_cv10_filter_fm_Corr_normalized_fm_None_smpl_splited_fm_fm_3_2_2_1
e8504a1411790669,target,plot_rf_point_test_rf_rf_cv10_filter_fm_Corr_normalized_fm_None_smpl_splited_fm_fm_3_2_2_2
619734211cc8271c,target,plot_rf_point_test_rf_rf_cv10_filter_fm_Corr_normalized_fm_None_smpl_splited_fm_fm_6_2_1_1
a2cc86683da49736,target,plot_rf_point_test_rf_rf_cv10_filter_fm_Corr_normalized_fm_None_smpl_splited_fm_fm_6_2_1_2
2f8934b91395ee50,target,plot_rf_point_test_rf_rf_cv10_filter_fm_Corr_normalized_fm_None_smpl_splited_fm_fm_6_2_2_1
7ecb8d6525f52fbe,target,plot_rf_point_test_rf_rf_cv10_filter_fm_Corr_normalized_fm_None_smpl_splited_fm_fm_6_2_2_2
141cd9ac84ebb7c7,target,plot_rf_point_test_rf_rf_cv10_filter_fm_None_normalized_fm_None_smpl_splited_fm_fm_3_2_1_1
b01b16d0919c3f38,target,plot_rf_point_test_rf_rf_cv10_filter_fm_None_normalized_fm_None_smpl_splited_fm_fm_3_2_1_2
b57499c4c61215c5,target,plot_rf_point_test_rf_rf_cv10_filter_fm_None_normalized_fm_None_smpl_splited_fm_fm_3_2_2_1
94e3f0744cbe1d7d,target,plot_rf_point_test_rf_rf_cv10_filter_fm_None_normalized_fm_None_smpl_splited_fm_fm_3_2_2_2
a4d1ce76c7ac1915,target,plot_rf_point_test_rf_rf_cv10_filter_fm_None_normalized_fm_None_smpl_splited_fm_fm_6_2_1_1
2606f70f329067f2,target,plot_rf_point_test_rf_rf_cv10_filter_fm_None_normalized_fm_None_smpl_splited_fm_fm_6_2_1_2
385486a057b21072,target,plot_rf_point_test_rf_rf_cv10_filter_fm_None_normalized_fm_None_smpl_splited_fm_fm_6_2_2_1
95b85fa0d65aa4ca,target,plot_rf_point_test_rf_rf_cv10_filter_fm_None_normalized_fm_None_smpl_splited_fm_fm_6_2_2_2
56cef4268f93a82e,target,plot_rf_point_test_rf_rf_cv10_filter_fm_ZVar_normalized_fm_None_smpl_splited_fm_fm_3_2_1_1
32bfe1d0b6659250,target,plot_rf_point_test_rf_rf_cv10_filter_fm_ZVar_normalized_fm_None_smpl_splited_fm_fm_3_2_1_2
650a7eb350905f47,target,plot_rf_point_test_rf_rf_cv10_filter_fm_ZVar_normalized_fm_None_smpl_splited_fm_fm_3_2_2_1
8a826059efdcc14c,target,plot_rf_point_test_rf_rf_cv10_filter_fm_ZVar_normalized_fm_None_smpl_splited_fm_fm_3_2_2_2
8c453d05d708ef1d,target,plot_rf_point_test_rf_rf_cv10_filter_fm_ZVar_normalized_fm_None_smpl_splited_fm_fm_6_2_1_1
a74cdc2c7a02efce,target,plot_rf_point_test_rf_rf_cv10_filter_fm_ZVar_normalized_fm_None_smpl_splited_fm_fm_6_2_1_2
7189e20ff95a825a,target,plot_rf_point_test_rf_rf_cv10_filter_fm_ZVar_normalized_fm_None_smpl_splited_fm_fm_6_2_2_1
4d7233f6fbdfb22d,target,plot_rf_point_test_rf_rf_cv10_filter_fm_ZVar_normalized_fm_None_smpl_splited_fm_fm_6_2_2_2
a661996705d076ae,target,plot_rf_test_rf_rf_cv10_normalized_fm_None_smpl_splited_fm_fm_3_2_1_1
f2a0a6988f20211d,target,plot_rf_test_rf_rf_cv10_normalized_fm_None_smpl_splited_fm_fm_3_2_1_2
461a402ca9485adf,target,plot_rf_test_rf_rf_cv10_normalized_fm_None_smpl_splited_fm_fm_3_2_2_1
274e1508f7d08991,target,plot_rf_test_rf_rf_cv10_normalized_fm_None_smpl_splited_fm_fm_3_2_2_2
abc73d36eaac0066,target,plot_rf_test_rf_rf_cv10_normalized_fm_None_smpl_splited_fm_fm_6_2_1_1
f08fc0fe8662ff8f,target,plot_rf_test_rf_rf_cv10_normalized_fm_None_smpl_splited_fm_fm_6_2_1_2
c29d16a09c5110dd,target,plot_rf_test_rf_rf_cv10_normalized_fm_None_smpl_splited_fm_fm_6_2_2_1
cf9dcdf0559f3a4b,target,plot_rf_test_rf_rf_cv10_normalized_fm_None_smpl_splited_fm_fm_6_2_2_2
39a7388b1c9fe8d6,import,plot_test
19e9d58b5b1d8a79,import,plot_test_box
0f2398bab35497e1,import,plot_test_point
af297170409bec48,import,plot_train_box
3eee99af0a06c2fa,import,plot_train_point
f1d888df2eb8d43a,target,plot_xgb_boxT_test_xgb_xgb_cv10_filter_fm_Corr_normalized_fm_None_smpl_splited_fm_fm_3_2_1_1
6c80cd21239c8b67,target,plot_xgb_boxT_test_xgb_xgb_cv10_filter_fm_Corr_normalized_fm_None_smpl_splited_fm_fm_3_2_1_2
89413e612b21be89,target,plot_xgb_boxT_test_xgb_xgb_cv10_filter_fm_Corr_normalized_fm_None_smpl_splited_fm_fm_3_2_2_1
121b83e77659cda5,target,plot_xgb_boxT_test_xgb_xgb_cv10_filter_fm_Corr_normalized_fm_None_smpl_splited_fm_fm_3_2_2_2
7a0cfe433256f6d6,target,plot_xgb_boxT_test_xgb_xgb_cv10_filter_fm_Corr_normalized_fm_None_smpl_splited_fm_fm_6_2_1_1
9eb259f07924c067,target,plot_xgb_boxT_test_xgb_xgb_cv10_filter_fm_Corr_normalized_fm_None_smpl_splited_fm_fm_6_2_1_2
2f5a2692ebb0a33a,target,plot_xgb_boxT_test_xgb_xgb_cv10_filter_fm_Corr_normalized_fm_None_smpl_splited_fm_fm_6_2_2_1
07c28e97c72bd8bf,target,plot_xgb_boxT_test_xgb_xgb_cv10_filter_fm_Corr_normalized_fm_None_smpl_splited_fm_fm_6_2_2_2
a7bdb0290cddc988,target,plot_xgb_boxT_test_xgb_xgb_cv10_filter_fm_None_normalized_fm_None_smpl_splited_fm_fm_3_2_1_1
57fd959513a568f2,target,plot_xgb_boxT_test_xgb_xgb_cv10_filter_fm_None_normalized_fm_None_smpl_splited_fm_fm_3_2_1_2
b2ca21d690df60a3,target,plot_xgb_boxT_test_xgb_xgb_cv10_filter_fm_None_normalized_fm_None_smpl_splited_fm_fm_3_2_2_1
ccede17c2e0428e2,target,plot_xgb_boxT_test_xgb_xgb_cv10_filter_fm_None_normalized_fm_None_smpl_splited_fm_fm_3_2_2_2
36cfd1c261b56471,target,plot_xgb_boxT_test_xgb_xgb_cv10_filter_fm_None_normalized_fm_None_smpl_splited_fm_fm_6_2_1_1
ac52d11e3bbd72e8,target,plot_xgb_boxT_test_xgb_xgb_cv10_filter_fm_None_normalized_fm_None_smpl_splited_fm_fm_6_2_1_2
1fa80d08ad76e640,target,plot_xgb_boxT_test_xgb_xgb_cv10_filter_fm_None_normalized_fm_None_smpl_splited_fm_fm_6_2_2_1
5e4dfb93a0e146a0,target,plot_xgb_boxT_test_xgb_xgb_cv10_filter_fm_None_normalized_fm_None_smpl_splited_fm_fm_6_2_2_2
3b5f511a65b90da0,target,plot_xgb_boxT_test_xgb_xgb_cv10_filter_fm_ZVar_normalized_fm_None_smpl_splited_fm_fm_3_2_1_1
3b2f04666d967fd8,target,plot_xgb_boxT_test_xgb_xgb_cv10_filter_fm_ZVar_normalized_fm_None_smpl_splited_fm_fm_3_2_1_2
47c0eed83afce1ad,target,plot_xgb_boxT_test_xgb_xgb_cv10_filter_fm_ZVar_normalized_fm_None_smpl_splited_fm_fm_3_2_2_1
296feaf7f652812e,target,plot_xgb_boxT_test_xgb_xgb_cv10_filter_fm_ZVar_normalized_fm_None_smpl_splited_fm_fm_3_2_2_2
282498d1ebc9988a,target,plot_xgb_boxT_test_xgb_xgb_cv10_filter_fm_ZVar_normalized_fm_None_smpl_splited_fm_fm_6_2_1_1
93666a05d5b1e17b,target,plot_xgb_boxT_test_xgb_xgb_cv10_filter_fm_ZVar_normalized_fm_None_smpl_splited_fm_fm_6_2_1_2
7b97b2d1cafc6831,target,plot_xgb_boxT_test_xgb_xgb_cv10_filter_fm_ZVar_normalized_fm_None_smpl_splited_fm_fm_6_2_2_1
67a59ca64cb5c877,target,plot_xgb_boxT_test_xgb_xgb_cv10_filter_fm_ZVar_normalized_fm_None_smpl_splited_fm_fm_6_2_2_2
d0b15f0bcd06fde6,target,plot_xgb_box_test_xgb_xgb_cv10_filter_fm_Corr_normalized_fm_None_smpl_splited_fm_fm_3_2_1_1
b38a160939564cb1,target,plot_xgb_box_test_xgb_xgb_cv10_filter_fm_Corr_normalized_fm_None_smpl_splited_fm_fm_3_2_1_2
e316f5f550cf0876,target,plot_xgb_box_test_xgb_xgb_cv10_filter_fm_Corr_normalized_fm_None_smpl_splited_fm_fm_3_2_2_1
fdfc8f5b62106919,target,plot_xgb_box_test_xgb_xgb_cv10_filter_fm_Corr_normalized_fm_None_smpl_splited_fm_fm_3_2_2_2
0e60964fb16d492f,target,plot_xgb_box_test_xgb_xgb_cv10_filter_fm_Corr_normalized_fm_None_smpl_splited_fm_fm_6_2_1_1
7916650f38a7416a,target,plot_xgb_box_test_xgb_xgb_cv10_filter_fm_Corr_normalized_fm_None_smpl_splited_fm_fm_6_2_1_2
2eb9aa4b61feb63d,target,plot_xgb_box_test_xgb_xgb_cv10_filter_fm_Corr_normalized_fm_None_smpl_splited_fm_fm_6_2_2_1
96f86576813a9f66,target,plot_xgb_box_test_xgb_xgb_cv10_filter_fm_Corr_normalized_fm_None_smpl_splited_fm_fm_6_2_2_2
9fcfb7dece29bd9c,target,plot_xgb_box_test_xgb_xgb_cv10_filter_fm_None_normalized_fm_None_smpl_splited_fm_fm_3_2_1_1
b3b7360ce142d786,target,plot_xgb_box_test_xgb_xgb_cv10_filter_fm_None_normalized_fm_None_smpl_splited_fm_fm_3_2_1_2
ca8199c60ad587e2,target,plot_xgb_box_test_xgb_xgb_cv10_filter_fm_None_normalized_fm_None_smpl_splited_fm_fm_3_2_2_1
cd9c360ede13de0d,target,plot_xgb_box_test_xgb_xgb_cv10_filter_fm_None_normalized_fm_None_smpl_splited_fm_fm_3_2_2_2
946e60d0b8e52a21,target,plot_xgb_box_test_xgb_xgb_cv10_filter_fm_None_normalized_fm_None_smpl_splited_fm_fm_6_2_1_1
ba05eb67b99ba1cb,target,plot_xgb_box_test_xgb_xgb_cv10_filter_fm_None_normalized_fm_None_smpl_splited_fm_fm_6_2_1_2
aa26c226379b8cae,target,plot_xgb_box_test_xgb_xgb_cv10_filter_fm_None_normalized_fm_None_smpl_splited_fm_fm_6_2_2_1
b02f68c6f47bc86b,target,plot_xgb_box_test_xgb_xgb_cv10_filter_fm_None_normalized_fm_None_smpl_splited_fm_fm_6_2_2_2
7cad281ba76b16fb,target,plot_xgb_box_test_xgb_xgb_cv10_filter_fm_ZVar_normalized_fm_None_smpl_splited_fm_fm_3_2_1_1
70aeee2a9b27bd4d,target,plot_xgb_box_test_xgb_xgb_cv10_filter_fm_ZVar_normalized_fm_None_smpl_splited_fm_fm_3_2_1_2
e685f4d9998ca340,target,plot_xgb_box_test_xgb_xgb_cv10_filter_fm_ZVar_normalized_fm_None_smpl_splited_fm_fm_3_2_2_1
7802f1686b784f4c,target,plot_xgb_box_test_xgb_xgb_cv10_filter_fm_ZVar_normalized_fm_None_smpl_splited_fm_fm_3_2_2_2
79e3bfa67f20c023,target,plot_xgb_box_test_xgb_xgb_cv10_filter_fm_ZVar_normalized_fm_None_smpl_splited_fm_fm_6_2_1_1
ea8e493410647791,target,plot_xgb_box_test_xgb_xgb_cv10_filter_fm_ZVar_normalized_fm_None_smpl_splited_fm_fm_6_2_1_2
726688769cbccf86,target,plot_xgb_box_test_xgb_xgb_cv10_filter_fm_ZVar_normalized_fm_None_smpl_splited_fm_fm_6_2_2_1
015d8a814bdf41c9,target,plot_xgb_box_test_xgb_xgb_cv10_filter_fm_ZVar_normalized_fm_None_smpl_splited_fm_fm_6_2_2_2
45dc53ee090222cc,target,plot_xgb_pointT_test_xgb_xgb_cv10_filter_fm_Corr_normalized_fm_None_smpl_splited_fm_fm_3_2_1_1
cca6c26882346d22,target,plot_xgb_pointT_test_xgb_xgb_cv10_filter_fm_Corr_normalized_fm_None_smpl_splited_fm_fm_3_2_1_2
fa8a1bb416bf8421,target,plot_xgb_pointT_test_xgb_xgb_cv10_filter_fm_Corr_normalized_fm_None_smpl_splited_fm_fm_3_2_2_1
6b57e10a8d2bf66c,target,plot_xgb_pointT_test_xgb_xgb_cv10_filter_fm_Corr_normalized_fm_None_smpl_splited_fm_fm_3_2_2_2
7fac3f4bb995ef55,target,plot_xgb_pointT_test_xgb_xgb_cv10_filter_fm_Corr_normalized_fm_None_smpl_splited_fm_fm_6_2_1_1
713609a01b898f02,target,plot_xgb_pointT_test_xgb_xgb_cv10_filter_fm_Corr_normalized_fm_None_smpl_splited_fm_fm_6_2_1_2
c09b9891cac06e80,target,plot_xgb_pointT_test_xgb_xgb_cv10_filter_fm_Corr_normalized_fm_None_smpl_splited_fm_fm_6_2_2_1
3707b1c7029e83c9,target,plot_xgb_pointT_test_xgb_xgb_cv10_filter_fm_Corr_normalized_fm_None_smpl_splited_fm_fm_6_2_2_2
b04122a9348fc493,target,plot_xgb_pointT_test_xgb_xgb_cv10_filter_fm_None_normalized_fm_None_smpl_splited_fm_fm_3_2_1_1
c2a4aa5c5efb69d1,target,plot_xgb_pointT_test_xgb_xgb_cv10_filter_fm_None_normalized_fm_None_smpl_splited_fm_fm_3_2_1_2
1d1f95466208eb7c,target,plot_xgb_pointT_test_xgb_xgb_cv10_filter_fm_None_normalized_fm_None_smpl_splited_fm_fm_3_2_2_1
abe8ddbf62142e80,target,plot_xgb_pointT_test_xgb_xgb_cv10_filter_fm_None_normalized_fm_None_smpl_splited_fm_fm_3_2_2_2
91771ce141b0b235,target,plot_xgb_pointT_test_xgb_xgb_cv10_filter_fm_None_normalized_fm_None_smpl_splited_fm_fm_6_2_1_1
6032f4fa8138e754,target,plot_xgb_pointT_test_xgb_xgb_cv10_filter_fm_None_normalized_fm_None_smpl_splited_fm_fm_6_2_1_2
6dcebc9410b79bb5,target,plot_xgb_pointT_test_xgb_xgb_cv10_filter_fm_None_normalized_fm_None_smpl_splited_fm_fm_6_2_2_1
f2706ae7c2d5cdaf,target,plot_xgb_pointT_test_xgb_xgb_cv10_filter_fm_None_normalized_fm_None_smpl_splited_fm_fm_6_2_2_2
14ffa49770e06f5c,target,plot_xgb_pointT_test_xgb_xgb_cv10_filter_fm_ZVar_normalized_fm_None_smpl_splited_fm_fm_3_2_1_1
2e7b79faf774a74a,target,plot_xgb_pointT_test_xgb_xgb_cv10_filter_fm_ZVar_normalized_fm_None_smpl_splited_fm_fm_3_2_1_2
e3e09f546a324e50,target,plot_xgb_pointT_test_xgb_xgb_cv10_filter_fm_ZVar_normalized_fm_None_smpl_splited_fm_fm_3_2_2_1
cb4bdd708da834b7,target,plot_xgb_pointT_test_xgb_xgb_cv10_filter_fm_ZVar_normalized_fm_None_smpl_splited_fm_fm_3_2_2_2
6ce0d020ffdff54f,target,plot_xgb_pointT_test_xgb_xgb_cv10_filter_fm_ZVar_normalized_fm_None_smpl_splited_fm_fm_6_2_1_1
faa44c50398c0b90,target,plot_xgb_pointT_test_xgb_xgb_cv10_filter_fm_ZVar_normalized_fm_None_smpl_splited_fm_fm_6_2_1_2
f6754962a10a7b2e,target,plot_xgb_pointT_test_xgb_xgb_cv10_filter_fm_ZVar_normalized_fm_None_smpl_splited_fm_fm_6_2_2_1
8780064a1e6a8474,target,plot_xgb_pointT_test_xgb_xgb_cv10_filter_fm_ZVar_normalized_fm_None_smpl_splited_fm_fm_6_2_2_2
f37aa76e160341be,target,plot_xgb_point_test_xgb_xgb_cv10_filter_fm_Corr_normalized_fm_None_smpl_splited_fm_fm_3_2_1_1
253fa22cf20d6bd7,target,plot_xgb_point_test_xgb_xgb_cv10_filter_fm_Corr_normalized_fm_None_smpl_splited_fm_fm_3_2_1_2
0ec9204e9b1cf8f9,target,plot_xgb_point_test_xgb_xgb_cv10_filter_fm_Corr_normalized_fm_None_smpl_splited_fm_fm_3_2_2_1
7a55653dd6d83121,target,plot_xgb_point_test_xgb_xgb_cv10_filter_fm_Corr_normalized_fm_None_smpl_splited_fm_fm_3_2_2_2
fbfe615271f7f6db,target,plot_xgb_point_test_xgb_xgb_cv10_filter_fm_Corr_normalized_fm_None_smpl_splited_fm_fm_6_2_1_1
df3f2e04051a8a94,target,plot_xgb_point_test_xgb_xgb_cv10_filter_fm_Corr_normalized_fm_None_smpl_splited_fm_fm_6_2_1_2
ce160a9d768a55d8,target,plot_xgb_point_test_xgb_xgb_cv10_filter_fm_Corr_normalized_fm_None_smpl_splited_fm_fm_6_2_2_1
04c2dd26d6fb41f3,target,plot_xgb_point_test_xgb_xgb_cv10_filter_fm_Corr_normalized_fm_None_smpl_splited_fm_fm_6_2_2_2
bc5d979f94aaada1,target,plot_xgb_point_test_xgb_xgb_cv10_filter_fm_None_normalized_fm_None_smpl_splited_fm_fm_3_2_1_1
e1ea72529978b06d,target,plot_xgb_point_test_xgb_xgb_cv10_filter_fm_None_normalized_fm_None_smpl_splited_fm_fm_3_2_1_2
9683d19c8242cc8e,target,plot_xgb_point_test_xgb_xgb_cv10_filter_fm_None_normalized_fm_None_smpl_splited_fm_fm_3_2_2_1
a1b290707b86662b,target,plot_xgb_point_test_xgb_xgb_cv10_filter_fm_None_normalized_fm_None_smpl_splited_fm_fm_3_2_2_2
63002ae642a94ff3,target,plot_xgb_point_test_xgb_xgb_cv10_filter_fm_None_normalized_fm_None_smpl_splited_fm_fm_6_2_1_1
1668f8660f22494d,target,plot_xgb_point_test_xgb_xgb_cv10_filter_fm_None_normalized_fm_None_smpl_splited_fm_fm_6_2_1_2
c5fbe20295b8b4cf,target,plot_xgb_point_test_xgb_xgb_cv10_filter_fm_None_normalized_fm_None_smpl_splited_fm_fm_6_2_2_1
6908f6299e2c6fd3,target,plot_xgb_point_test_xgb_xgb_cv10_filter_fm_None_normalized_fm_None_smpl_splited_fm_fm_6_2_2_2
6b194f778e03003b,target,plot_xgb_point_test_xgb_xgb_cv10_filter_fm_ZVar_normalized_fm_None_smpl_splited_fm_fm_3_2_1_1
e845d075ccfe51e0,target,plot_xgb_point_test_xgb_xgb_cv10_filter_fm_ZVar_normalized_fm_None_smpl_splited_fm_fm_3_2_1_2
2eb7483aca82ade7,target,plot_xgb_point_test_xgb_xgb_cv10_filter_fm_ZVar_normalized_fm_None_smpl_splited_fm_fm_3_2_2_1
3b10ce47e185f579,target,plot_xgb_point_test_xgb_xgb_cv10_filter_fm_ZVar_normalized_fm_None_smpl_splited_fm_fm_3_2_2_2
727ebb154fd00014,target,plot_xgb_point_test_xgb_xgb_cv10_filter_fm_ZVar_normalized_fm_None_smpl_splited_fm_fm_6_2_1_1
058ceddf661a766f,target,plot_xgb_point_test_xgb_xgb_cv10_filter_fm_ZVar_normalized_fm_None_smpl_splited_fm_fm_6_2_1_2
674a9e0b2d30a095,target,plot_xgb_point_test_xgb_xgb_cv10_filter_fm_ZVar_normalized_fm_None_smpl_splited_fm_fm_6_2_2_1
01d656b404c53015,target,plot_xgb_point_test_xgb_xgb_cv10_filter_fm_ZVar_normalized_fm_None_smpl_splited_fm_fm_6_2_2_2
18933c757d46201b,target,plot_xgb_test_xgb_xgb_cv10_normalized_fm_None_smpl_splited_fm_fm_3_2_1_1
464c8264cf2c6bc4,target,plot_xgb_test_xgb_xgb_cv10_normalized_fm_None_smpl_splited_fm_fm_3_2_1_2
aaed770b4401aa7d,target,plot_xgb_test_xgb_xgb_cv10_normalized_fm_None_smpl_splited_fm_fm_3_2_2_1
634e264790af03fe,target,plot_xgb_test_xgb_xgb_cv10_normalized_fm_None_smpl_splited_fm_fm_3_2_2_2
3707824225460e6b,target,plot_xgb_test_xgb_xgb_cv10_normalized_fm_None_smpl_splited_fm_fm_6_2_1_1
cd5fb8604dc54e07,target,plot_xgb_test_xgb_xgb_cv10_normalized_fm_None_smpl_splited_fm_fm_6_2_1_2
80545302d6cc51b3,target,plot_xgb_test_xgb_xgb_cv10_normalized_fm_None_smpl_splited_fm_fm_6_2_2_1
e996393478221569,target,plot_xgb_test_xgb_xgb_cv10_normalized_fm_None_smpl_splited_fm_fm_6_2_2_2
53238b6785ddfd81,import,prepare_feature_matrix
b742bcf46fd1e0c2,target,rf_cv10_filter_fm_Corr_normalized_fm_None_smpl_splited_fm_fm_3_2_1_1
7d7211cf0de0b0c3,target,rf_cv10_filter_fm_Corr_normalized_fm_None_smpl_splited_fm_fm_3_2_1_2
d7c43455d5bd99aa,target,rf_cv10_filter_fm_Corr_normalized_fm_None_smpl_splited_fm_fm_3_2_2_1
725bbdfe1ad1a04a,target,rf_cv10_filter_fm_Corr_normalized_fm_None_smpl_splited_fm_fm_3_2_2_2
4b3c52811f16a1ac,target,rf_cv10_filter_fm_Corr_normalized_fm_None_smpl_splited_fm_fm_6_2_1_1
888ce5cb77949448,target,rf_cv10_filter_fm_Corr_normalized_fm_None_smpl_splited_fm_fm_6_2_1_2
277483119c29097e,target,rf_cv10_filter_fm_Corr_normalized_fm_None_smpl_splited_fm_fm_6_2_2_1
7e50ed117e9e6a36,target,rf_cv10_filter_fm_Corr_normalized_fm_None_smpl_splited_fm_fm_6_2_2_2
896329ac1b7e505b,target,rf_cv10_filter_fm_None_normalized_fm_None_smpl_splited_fm_fm_3_2_1_1
db1e11fc3db9e7b1,target,rf_cv10_filter_fm_None_normalized_fm_None_smpl_splited_fm_fm_3_2_1_2
12ed50e373dd3e79,target,rf_cv10_filter_fm_None_normalized_fm_None_smpl_splited_fm_fm_3_2_2_1
83a98e7cb4aa13cb,target,rf_cv10_filter_fm_None_normalized_fm_None_smpl_splited_fm_fm_3_2_2_2
d5f9a20b0e098296,target,rf_cv10_filter_fm_None_normalized_fm_None_smpl_splited_fm_fm_6_2_1_1
e5e46acd3a21f70a,target,rf_cv10_filter_fm_None_normalized_fm_None_smpl_splited_fm_fm_6_2_1_2
c010671f706d8b6c,target,rf_cv10_filter_fm_None_normalized_fm_None_smpl_splited_fm_fm_6_2_2_1
e5458d90d1655921,target,rf_cv10_filter_fm_None_normalized_fm_None_smpl_splited_fm_fm_6_2_2_2
e58e91ccf1f107e9,target,rf_cv10_filter_fm_ZVar_normalized_fm_None_smpl_splited_fm_fm_3_2_1_1
98fc820868a65b7c,target,rf_cv10_filter_fm_ZVar_normalized_fm_None_smpl_splited_fm_fm_3_2_1_2
5069e8272048e11a,target,rf_cv10_filter_fm_ZVar_normalized_fm_None_smpl_splited_fm_fm_3_2_2_1
5fd3052951c92007,target,rf_cv10_filter_fm_ZVar_normalized_fm_None_smpl_splited_fm_fm_3_2_2_2
5b993f513e0ea257,target,rf_cv10_filter_fm_ZVar_normalized_fm_None_smpl_splited_fm_fm_6_2_1_1
e950ef8260320ccc,target,rf_cv10_filter_fm_ZVar_normalized_fm_None_smpl_splited_fm_fm_6_2_1_2
ace221013c94f67f,target,rf_cv10_filter_fm_ZVar_normalized_fm_None_smpl_splited_fm_fm_6_2_2_1
747ccf8d41795233,target,rf_cv10_filter_fm_ZVar_normalized_fm_None_smpl_splited_fm_fm_6_2_2_2
7548cc8238183913,target,rf_cv10_normalized_fm_None_smpl_splited_fm_fm_3_2_1_1
04763d2ea22d1892,target,rf_cv10_normalized_fm_None_smpl_splited_fm_fm_3_2_1_2
372ae2287ea42e93,target,rf_cv10_normalized_fm_None_smpl_splited_fm_fm_3_2_2_1
9dacbffda08123ac,target,rf_cv10_normalized_fm_None_smpl_splited_fm_fm_3_2_2_2
001b9aa90ac36a58,target,rf_cv10_normalized_fm_None_smpl_splited_fm_fm_6_2_1_1
beb698b25b0bb79f,target,rf_cv10_normalized_fm_None_smpl_splited_fm_fm_6_2_1_2
a5e4614985b9170c,target,rf_cv10_normalized_fm_None_smpl_splited_fm_fm_6_2_2_1
6871ac88e54c13e0,target,rf_cv10_normalized_fm_None_smpl_splited_fm_fm_6_2_2_2
c85d88fc56f4e042,target,save_plot_rf_boxT_plot_rf_boxT_test_rf_rf_cv10_filter_fm_Corr_normalized_fm_None_smpl_splited_fm_fm_3_2_1_1
c85d88fc56f4e042,target,save_plot_rf_boxT_plot_rf_boxT_test_rf_rf_cv10_filter_fm_Corr_normalized_fm_None_smpl_splited_fm_fm_3_2_1_2
c85d88fc56f4e042,target,save_plot_rf_boxT_plot_rf_boxT_test_rf_rf_cv10_filter_fm_Corr_normalized_fm_None_smpl_splited_fm_fm_3_2_2_1
c85d88fc56f4e042,target,save_plot_rf_boxT_plot_rf_boxT_test_rf_rf_cv10_filter_fm_Corr_normalized_fm_None_smpl_splited_fm_fm_3_2_2_2
c85d88fc56f4e042,target,save_plot_rf_boxT_plot_rf_boxT_test_rf_rf_cv10_filter_fm_Corr_normalized_fm_None_smpl_splited_fm_fm_6_2_1_1
c85d88fc56f4e042,target,save_plot_rf_boxT_plot_rf_boxT_test_rf_rf_cv10_filter_fm_Corr_normalized_fm_None_smpl_splited_fm_fm_6_2_1_2
c85d88fc56f4e042,target,save_plot_rf_boxT_plot_rf_boxT_test_rf_rf_cv10_filter_fm_Corr_normalized_fm_None_smpl_splited_fm_fm_6_2_2_1
c85d88fc56f4e042,target,save_plot_rf_boxT_plot_rf_boxT_test_rf_rf_cv10_filter_fm_Corr_normalized_fm_None_smpl_splited_fm_fm_6_2_2_2
c85d88fc56f4e042,target,save_plot_rf_boxT_plot_rf_boxT_test_rf_rf_cv10_filter_fm_None_normalized_fm_None_smpl_splited_fm_fm_3_2_1_1
c85d88fc56f4e042,target,save_plot_rf_boxT_plot_rf_boxT_test_rf_rf_cv10_filter_fm_None_normalized_fm_None_smpl_splited_fm_fm_3_2_1_2
c85d88fc56f4e042,target,save_plot_rf_boxT_plot_rf_boxT_test_rf_rf_cv10_filter_fm_None_normalized_fm_None_smpl_splited_fm_fm_3_2_2_1
c85d88fc56f4e042,target,save_plot_rf_boxT_plot_rf_boxT_test_rf_rf_cv10_filter_fm_None_normalized_fm_None_smpl_splited_fm_fm_3_2_2_2
c85d88fc56f4e042,target,save_plot_rf_boxT_plot_rf_boxT_test_rf_rf_cv10_filter_fm_None_normalized_fm_None_smpl_splited_fm_fm_6_2_1_1
c85d88fc56f4e042,target,save_plot_rf_boxT_plot_rf_boxT_test_rf_rf_cv10_filter_fm_None_normalized_fm_None_smpl_splited_fm_fm_6_2_1_2
c85d88fc56f4e042,target,save_plot_rf_boxT_plot_rf_boxT_test_rf_rf_cv10_filter_fm_None_normalized_fm_None_smpl_splited_fm_fm_6_2_2_1
c85d88fc56f4e042,target,save_plot_rf_boxT_plot_rf_boxT_test_rf_rf_cv10_filter_fm_None_normalized_fm_None_smpl_splited_fm_fm_6_2_2_2
c85d88fc56f4e042,target,save_plot_rf_boxT_plot_rf_boxT_test_rf_rf_cv10_filter_fm_ZVar_normalized_fm_None_smpl_splited_fm_fm_3_2_1_1
c85d88fc56f4e042,target,save_plot_rf_boxT_plot_rf_boxT_test_rf_rf_cv10_filter_fm_ZVar_normalized_fm_None_smpl_splited_fm_fm_3_2_1_2
c85d88fc56f4e042,target,save_plot_rf_boxT_plot_rf_boxT_test_rf_rf_cv10_filter_fm_ZVar_normalized_fm_None_smpl_splited_fm_fm_3_2_2_1
c85d88fc56f4e042,target,save_plot_rf_boxT_plot_rf_boxT_test_rf_rf_cv10_filter_fm_ZVar_normalized_fm_None_smpl_splited_fm_fm_3_2_2_2
c85d88fc56f4e042,target,save_plot_rf_boxT_plot_rf_boxT_test_rf_rf_cv10_filter_fm_ZVar_normalized_fm_None_smpl_splited_fm_fm_6_2_1_1
c85d88fc56f4e042,target,save_plot_rf_boxT_plot_rf_boxT_test_rf_rf_cv10_filter_fm_ZVar_normalized_fm_None_smpl_splited_fm_fm_6_2_1_2
c85d88fc56f4e042,target,save_plot_rf_boxT_plot_rf_boxT_test_rf_rf_cv10_filter_fm_ZVar_normalized_fm_None_smpl_splited_fm_fm_6_2_2_1
c85d88fc56f4e042,target,save_plot_rf_boxT_plot_rf_boxT_test_rf_rf_cv10_filter_fm_ZVar_normalized_fm_None_smpl_splited_fm_fm_6_2_2_2
c85d88fc56f4e042,target,save_plot_rf_box_plot_rf_box_test_rf_rf_cv10_filter_fm_Corr_normalized_fm_None_smpl_splited_fm_fm_3_2_1_1
c85d88fc56f4e042,target,save_plot_rf_box_plot_rf_box_test_rf_rf_cv10_filter_fm_Corr_normalized_fm_None_smpl_splited_fm_fm_3_2_1_2
c85d88fc56f4e042,target,save_plot_rf_box_plot_rf_box_test_rf_rf_cv10_filter_fm_Corr_normalized_fm_None_smpl_splited_fm_fm_3_2_2_1
c85d88fc56f4e042,target,save_plot_rf_box_plot_rf_box_test_rf_rf_cv10_filter_fm_Corr_normalized_fm_None_smpl_splited_fm_fm_3_2_2_2
c85d88fc56f4e042,target,save_plot_rf_box_plot_rf_box_test_rf_rf_cv10_filter_fm_Corr_normalized_fm_None_smpl_splited_fm_fm_6_2_1_1
c85d88fc56f4e042,target,save_plot_rf_box_plot_rf_box_test_rf_rf_cv10_filter_fm_Corr_normalized_fm_None_smpl_splited_fm_fm_6_2_1_2
c85d88fc56f4e042,target,save_plot_rf_box_plot_rf_box_test_rf_rf_cv10_filter_fm_Corr_normalized_fm_None_smpl_splited_fm_fm_6_2_2_1
c85d88fc56f4e042,target,save_plot_rf_box_plot_rf_box_test_rf_rf_cv10_filter_fm_Corr_normalized_fm_None_smpl_splited_fm_fm_6_2_2_2
c85d88fc56f4e042,target,save_plot_rf_box_plot_rf_box_test_rf_rf_cv10_filter_fm_None_normalized_fm_None_smpl_splited_fm_fm_3_2_1_1
c85d88fc56f4e042,target,save_plot_rf_box_plot_rf_box_test_rf_rf_cv10_filter_fm_None_normalized_fm_None_smpl_splited_fm_fm_3_2_1_2
c85d88fc56f4e042,target,save_plot_rf_box_plot_rf_box_test_rf_rf_cv10_filter_fm_None_normalized_fm_None_smpl_splited_fm_fm_3_2_2_1
c85d88fc56f4e042,target,save_plot_rf_box_plot_rf_box_test_rf_rf_cv10_filter_fm_None_normalized_fm_None_smpl_splited_fm_fm_3_2_2_2
c85d88fc56f4e042,target,save_plot_rf_box_plot_rf_box_test_rf_rf_cv10_filter_fm_None_normalized_fm_None_smpl_splited_fm_fm_6_2_1_1
c85d88fc56f4e042,target,save_plot_rf_box_plot_rf_box_test_rf_rf_cv10_filter_fm_None_normalized_fm_None_smpl_splited_fm_fm_6_2_1_2
c85d88fc56f4e042,target,save_plot_rf_box_plot_rf_box_test_rf_rf_cv10_filter_fm_None_normalized_fm_None_smpl_splited_fm_fm_6_2_2_1
c85d88fc56f4e042,target,save_plot_rf_box_plot_rf_box_test_rf_rf_cv10_filter_fm_None_normalized_fm_None_smpl_splited_fm_fm_6_2_2_2
c85d88fc56f4e042,target,save_plot_rf_box_plot_rf_box_test_rf_rf_cv10_filter_fm_ZVar_normalized_fm_None_smpl_splited_fm_fm_3_2_1_1
c85d88fc56f4e042,target,save_plot_rf_box_plot_rf_box_test_rf_rf_cv10_filter_fm_ZVar_normalized_fm_None_smpl_splited_fm_fm_3_2_1_2
c85d88fc56f4e042,target,save_plot_rf_box_plot_rf_box_test_rf_rf_cv10_filter_fm_ZVar_normalized_fm_None_smpl_splited_fm_fm_3_2_2_1
c85d88fc56f4e042,target,save_plot_rf_box_plot_rf_box_test_rf_rf_cv10_filter_fm_ZVar_normalized_fm_None_smpl_splited_fm_fm_3_2_2_2
c85d88fc56f4e042,target,save_plot_rf_box_plot_rf_box_test_rf_rf_cv10_filter_fm_ZVar_normalized_fm_None_smpl_splited_fm_fm_6_2_1_1
c85d88fc56f4e042,target,save_plot_rf_box_plot_rf_box_test_rf_rf_cv10_filter_fm_ZVar_normalized_fm_None_smpl_splited_fm_fm_6_2_1_2
c85d88fc56f4e042,target,save_plot_rf_box_plot_rf_box_test_rf_rf_cv10_filter_fm_ZVar_normalized_fm_None_smpl_splited_fm_fm_6_2_2_1
c85d88fc56f4e042,target,save_plot_rf_box_plot_rf_box_test_rf_rf_cv10_filter_fm_ZVar_normalized_fm_None_smpl_splited_fm_fm_6_2_2_2
c85d88fc56f4e042,target,save_plot_rf_plot_rf_test_rf_rf_cv10_normalized_fm_None_smpl_splited_fm_fm_3_2_1_1
c85d88fc56f4e042,target,save_plot_rf_plot_rf_test_rf_rf_cv10_normalized_fm_None_smpl_splited_fm_fm_3_2_1_2
c85d88fc56f4e042,target,save_plot_rf_plot_rf_test_rf_rf_cv10_normalized_fm_None_smpl_splited_fm_fm_3_2_2_1
c85d88fc56f4e042,target,save_plot_rf_plot_rf_test_rf_rf_cv10_normalized_fm_None_smpl_splited_fm_fm_3_2_2_2
c85d88fc56f4e042,target,save_plot_rf_plot_rf_test_rf_rf_cv10_normalized_fm_None_smpl_splited_fm_fm_6_2_1_1
c85d88fc56f4e042,target,save_plot_rf_plot_rf_test_rf_rf_cv10_normalized_fm_None_smpl_splited_fm_fm_6_2_1_2
c85d88fc56f4e042,target,save_plot_rf_plot_rf_test_rf_rf_cv10_normalized_fm_None_smpl_splited_fm_fm_6_2_2_1
c85d88fc56f4e042,target,save_plot_rf_plot_rf_test_rf_rf_cv10_normalized_fm_None_smpl_splited_fm_fm_6_2_2_2
c85d88fc56f4e042,target,save_plot_rf_pointT_plot_rf_pointT_test_rf_rf_cv10_filter_fm_Corr_normalized_fm_None_smpl_splited_fm_fm_3_2_1_1
c85d88fc56f4e042,target,save_plot_rf_pointT_plot_rf_pointT_test_rf_rf_cv10_filter_fm_Corr_normalized_fm_None_smpl_splited_fm_fm_3_2_1_2
c85d88fc56f4e042,target,save_plot_rf_pointT_plot_rf_pointT_test_rf_rf_cv10_filter_fm_Corr_normalized_fm_None_smpl_splited_fm_fm_3_2_2_1
c85d88fc56f4e042,target,save_plot_rf_pointT_plot_rf_pointT_test_rf_rf_cv10_filter_fm_Corr_normalized_fm_None_smpl_splited_fm_fm_3_2_2_2
c85d88fc56f4e042,target,save_plot_rf_pointT_plot_rf_pointT_test_rf_rf_cv10_filter_fm_Corr_normalized_fm_None_smpl_splited_fm_fm_6_2_1_1
c85d88fc56f4e042,target,save_plot_rf_pointT_plot_rf_pointT_test_rf_rf_cv10_filter_fm_Corr_normalized_fm_None_smpl_splited_fm_fm_6_2_1_2
c85d88fc56f4e042,target,save_plot_rf_pointT_plot_rf_pointT_test_rf_rf_cv10_filter_fm_Corr_normalized_fm_None_smpl_splited_fm_fm_6_2_2_1
c85d88fc56f4e042,target,save_plot_rf_pointT_plot_rf_pointT_test_rf_rf_cv10_filter_fm_Corr_normalized_fm_None_smpl_splited_fm_fm_6_2_2_2
c85d88fc56f4e042,target,save_plot_rf_pointT_plot_rf_pointT_test_rf_rf_cv10_filter_fm_None_normalized_fm_None_smpl_splited_fm_fm_3_2_1_1
c85d88fc56f4e042,target,save_plot_rf_pointT_plot_rf_pointT_test_rf_rf_cv10_filter_fm_None_normalized_fm_None_smpl_splited_fm_fm_3_2_1_2
c85d88fc56f4e042,target,save_plot_rf_pointT_plot_rf_pointT_test_rf_rf_cv10_filter_fm_None_normalized_fm_None_smpl_splited_fm_fm_3_2_2_1
c85d88fc56f4e042,target,save_plot_rf_pointT_plot_rf_pointT_test_rf_rf_cv10_filter_fm_None_normalized_fm_None_smpl_splited_fm_fm_3_2_2_2
c85d88fc56f4e042,target,save_plot_rf_pointT_plot_rf_pointT_test_rf_rf_cv10_filter_fm_None_normalized_fm_None_smpl_splited_fm_fm_6_2_1_1
c85d88fc56f4e042,target,save_plot_rf_pointT_plot_rf_pointT_test_rf_rf_cv10_filter_fm_None_normalized_fm_None_smpl_splited_fm_fm_6_2_1_2
c85d88fc56f4e042,target,save_plot_rf_pointT_plot_rf_pointT_test_rf_rf_cv10_filter_fm_None_normalized_fm_None_smpl_splited_fm_fm_6_2_2_1
c85d88fc56f4e042,target,save_plot_rf_pointT_plot_rf_pointT_test_rf_rf_cv10_filter_fm_None_normalized_fm_None_smpl_splited_fm_fm_6_2_2_2
c85d88fc56f4e042,target,save_plot_rf_pointT_plot_rf_pointT_test_rf_rf_cv10_filter_fm_ZVar_normalized_fm_None_smpl_splited_fm_fm_3_2_1_1
c85d88fc56f4e042,target,save_plot_rf_pointT_plot_rf_pointT_test_rf_rf_cv10_filter_fm_ZVar_normalized_fm_None_smpl_splited_fm_fm_3_2_1_2
c85d88fc56f4e042,target,save_plot_rf_pointT_plot_rf_pointT_test_rf_rf_cv10_filter_fm_ZVar_normalized_fm_None_smpl_splited_fm_fm_3_2_2_1
c85d88fc56f4e042,target,save_plot_rf_pointT_plot_rf_pointT_test_rf_rf_cv10_filter_fm_ZVar_normalized_fm_None_smpl_splited_fm_fm_3_2_2_2
c85d88fc56f4e042,target,save_plot_rf_pointT_plot_rf_pointT_test_rf_rf_cv10_filter_fm_ZVar_normalized_fm_None_smpl_splited_fm_fm_6_2_1_1
c85d88fc56f4e042,target,save_plot_rf_pointT_plot_rf_pointT_test_rf_rf_cv10_filter_fm_ZVar_normalized_fm_None_smpl_splited_fm_fm_6_2_1_2
c85d88fc56f4e042,target,save_plot_rf_pointT_plot_rf_pointT_test_rf_rf_cv10_filter_fm_ZVar_normalized_fm_None_smpl_splited_fm_fm_6_2_2_1
c85d88fc56f4e042,target,save_plot_rf_pointT_plot_rf_pointT_test_rf_rf_cv10_filter_fm_ZVar_normalized_fm_None_smpl_splited_fm_fm_6_2_2_2
c85d88fc56f4e042,target,save_plot_rf_point_plot_rf_point_test_rf_rf_cv10_filter_fm_Corr_normalized_fm_None_smpl_splited_fm_fm_3_2_1_1
c85d88fc56f4e042,target,save_plot_rf_point_plot_rf_point_test_rf_rf_cv10_filter_fm_Corr_normalized_fm_None_smpl_splited_fm_fm_3_2_1_2
c85d88fc56f4e042,target,save_plot_rf_point_plot_rf_point_test_rf_rf_cv10_filter_fm_Corr_normalized_fm_None_smpl_splited_fm_fm_3_2_2_1
c85d88fc56f4e042,target,save_plot_rf_point_plot_rf_point_test_rf_rf_cv10_filter_fm_Corr_normalized_fm_None_smpl_splited_fm_fm_3_2_2_2
c85d88fc56f4e042,target,save_plot_rf_point_plot_rf_point_test_rf_rf_cv10_filter_fm_Corr_normalized_fm_None_smpl_splited_fm_fm_6_2_1_1
c85d88fc56f4e042,target,save_plot_rf_point_plot_rf_point_test_rf_rf_cv10_filter_fm_Corr_normalized_fm_None_smpl_splited_fm_fm_6_2_1_2
c85d88fc56f4e042,target,save_plot_rf_point_plot_rf_point_test_rf_rf_cv10_filter_fm_Corr_normalized_fm_None_smpl_splited_fm_fm_6_2_2_1
c85d88fc56f4e042,target,save_plot_rf_point_plot_rf_point_test_rf_rf_cv10_filter_fm_Corr_normalized_fm_None_smpl_splited_fm_fm_6_2_2_2
c85d88fc56f4e042,target,save_plot_rf_point_plot_rf_point_test_rf_rf_cv10_filter_fm_None_normalized_fm_None_smpl_splited_fm_fm_3_2_1_1
c85d88fc56f4e042,target,save_plot_rf_point_plot_rf_point_test_rf_rf_cv10_filter_fm_None_normalized_fm_None_smpl_splited_fm_fm_3_2_1_2
c85d88fc56f4e042,target,save_plot_rf_point_plot_rf_point_test_rf_rf_cv10_filter_fm_None_normalized_fm_None_smpl_splited_fm_fm_3_2_2_1
c85d88fc56f4e042,target,save_plot_rf_point_plot_rf_point_test_rf_rf_cv10_filter_fm_None_normalized_fm_None_smpl_splited_fm_fm_3_2_2_2
c85d88fc56f4e042,target,save_plot_rf_point_plot_rf_point_test_rf_rf_cv10_filter_fm_None_normalized_fm_None_smpl_splited_fm_fm_6_2_1_1
c85d88fc56f4e042,target,save_plot_rf_point_plot_rf_point_test_rf_rf_cv10_filter_fm_None_normalized_fm_None_smpl_splited_fm_fm_6_2_1_2
c85d88fc56f4e042,target,save_plot_rf_point_plot_rf_point_test_rf_rf_cv10_filter_fm_None_normalized_fm_None_smpl_splited_fm_fm_6_2_2_1
c85d88fc56f4e042,target,save_plot_rf_point_plot_rf_point_test_rf_rf_cv10_filter_fm_None_normalized_fm_None_smpl_splited_fm_fm_6_2_2_2
c85d88fc56f4e042,target,save_plot_rf_point_plot_rf_point_test_rf_rf_cv10_filter_fm_ZVar_normalized_fm_None_smpl_splited_fm_fm_3_2_1_1
c85d88fc56f4e042,target,save_plot_rf_point_plot_rf_point_test_rf_rf_cv10_filter_fm_ZVar_normalized_fm_None_smpl_splited_fm_fm_3_2_1_2
c85d88fc56f4e042,target,save_plot_rf_point_plot_rf_point_test_rf_rf_cv10_filter_fm_ZVar_normalized_fm_None_smpl_splited_fm_fm_3_2_2_1
c85d88fc56f4e042,target,save_plot_rf_point_plot_rf_point_test_rf_rf_cv10_filter_fm_ZVar_normalized_fm_None_smpl_splited_fm_fm_3_2_2_2
c85d88fc56f4e042,target,save_plot_rf_point_plot_rf_point_test_rf_rf_cv10_filter_fm_ZVar_normalized_fm_None_smpl_splited_fm_fm_6_2_1_1
c85d88fc56f4e042,target,save_plot_rf_point_plot_rf_point_test_rf_rf_cv10_filter_fm_ZVar_normalized_fm_None_smpl_splited_fm_fm_6_2_1_2
c85d88fc56f4e042,target,save_plot_rf_point_plot_rf_point_test_rf_rf_cv10_filter_fm_ZVar_normalized_fm_None_smpl_splited_fm_fm_6_2_2_1
c85d88fc56f4e042,target,save_plot_rf_point_plot_rf_point_test_rf_rf_cv10_filter_fm_ZVar_normalized_fm_None_smpl_splited_fm_fm_6_2_2_2
c85d88fc56f4e042,target,save_plot_xgb_boxT_plot_xgb_boxT_test_xgb_xgb_cv10_filter_fm_Corr_normalized_fm_None_smpl_splited_fm_fm_3_2_1_1
c85d88fc56f4e042,target,save_plot_xgb_boxT_plot_xgb_boxT_test_xgb_xgb_cv10_filter_fm_Corr_normalized_fm_None_smpl_splited_fm_fm_3_2_1_2
c85d88fc56f4e042,target,save_plot_xgb_boxT_plot_xgb_boxT_test_xgb_xgb_cv10_filter_fm_Corr_normalized_fm_None_smpl_splited_fm_fm_3_2_2_1
c85d88fc56f4e042,target,save_plot_xgb_boxT_plot_xgb_boxT_test_xgb_xgb_cv10_filter_fm_Corr_normalized_fm_None_smpl_splited_fm_fm_3_2_2_2
c85d88fc56f4e042,target,save_plot_xgb_boxT_plot_xgb_boxT_test_xgb_xgb_cv10_filter_fm_Corr_normalized_fm_None_smpl_splited_fm_fm_6_2_1_1
c85d88fc56f4e042,target,save_plot_xgb_boxT_plot_xgb_boxT_test_xgb_xgb_cv10_filter_fm_Corr_normalized_fm_None_smpl_splited_fm_fm_6_2_1_2
c85d88fc56f4e042,target,save_plot_xgb_boxT_plot_xgb_boxT_test_xgb_xgb_cv10_filter_fm_Corr_normalized_fm_None_smpl_splited_fm_fm_6_2_2_1
c85d88fc56f4e042,target,save_plot_xgb_boxT_plot_xgb_boxT_test_xgb_xgb_cv10_filter_fm_Corr_normalized_fm_None_smpl_splited_fm_fm_6_2_2_2
c85d88fc56f4e042,target,save_plot_xgb_boxT_plot_xgb_boxT_test_xgb_xgb_cv10_filter_fm_None_normalized_fm_None_smpl_splited_fm_fm_3_2_1_1
c85d88fc56f4e042,target,save_plot_xgb_boxT_plot_xgb_boxT_test_xgb_xgb_cv10_filter_fm_None_normalized_fm_None_smpl_splited_fm_fm_3_2_1_2
c85d88fc56f4e042,target,save_plot_xgb_boxT_plot_xgb_boxT_test_xgb_xgb_cv10_filter_fm_None_normalized_fm_None_smpl_splited_fm_fm_3_2_2_1
c85d88fc56f4e042,target,save_plot_xgb_boxT_plot_xgb_boxT_test_xgb_xgb_cv10_filter_fm_None_normalized_fm_None_smpl_splited_fm_fm_3_2_2_2
c85d88fc56f4e042,target,save_plot_xgb_boxT_plot_xgb_boxT_test_xgb_xgb_cv10_filter_fm_None_normalized_fm_None_smpl_splited_fm_fm_6_2_1_1
c85d88fc56f4e042,target,save_plot_xgb_boxT_plot_xgb_boxT_test_xgb_xgb_cv10_filter_fm_None_normalized_fm_None_smpl_splited_fm_fm_6_2_1_2
c85d88fc56f4e042,target,save_plot_xgb_boxT_plot_xgb_boxT_test_xgb_xgb_cv10_filter_fm_None_normalized_fm_None_smpl_splited_fm_fm_6_2_2_1
c85d88fc56f4e042,target,save_plot_xgb_boxT_plot_xgb_boxT_test_xgb_xgb_cv10_filter_fm_None_normalized_fm_None_smpl_splited_fm_fm_6_2_2_2
c85d88fc56f4e042,target,save_plot_xgb_boxT_plot_xgb_boxT_test_xgb_xgb_cv10_filter_fm_ZVar_normalized_fm_None_smpl_splited_fm_fm_3_2_1_1
c85d88fc56f4e042,target,save_plot_xgb_boxT_plot_xgb_boxT_test_xgb_xgb_cv10_filter_fm_ZVar_normalized_fm_None_smpl_splited_fm_fm_3_2_1_2
c85d88fc56f4e042,target,save_plot_xgb_boxT_plot_xgb_boxT_test_xgb_xgb_cv10_filter_fm_ZVar_normalized_fm_None_smpl_splited_fm_fm_3_2_2_1
c85d88fc56f4e042,target,save_plot_xgb_boxT_plot_xgb_boxT_test_xgb_xgb_cv10_filter_fm_ZVar_normalized_fm_None_smpl_splited_fm_fm_3_2_2_2
c85d88fc56f4e042,target,save_plot_xgb_boxT_plot_xgb_boxT_test_xgb_xgb_cv10_filter_fm_ZVar_normalized_fm_None_smpl_splited_fm_fm_6_2_1_1
c85d88fc56f4e042,target,save_plot_xgb_boxT_plot_xgb_boxT_test_xgb_xgb_cv10_filter_fm_ZVar_normalized_fm_None_smpl_splited_fm_fm_6_2_1_2
c85d88fc56f4e042,target,save_plot_xgb_boxT_plot_xgb_boxT_test_xgb_xgb_cv10_filter_fm_ZVar_normalized_fm_None_smpl_splited_fm_fm_6_2_2_1
c85d88fc56f4e042,target,save_plot_xgb_boxT_plot_xgb_boxT_test_xgb_xgb_cv10_filter_fm_ZVar_normalized_fm_None_smpl_splited_fm_fm_6_2_2_2
c85d88fc56f4e042,target,save_plot_xgb_box_plot_xgb_box_test_xgb_xgb_cv10_filter_fm_Corr_normalized_fm_None_smpl_splited_fm_fm_3_2_1_1
c85d88fc56f4e042,target,save_plot_xgb_box_plot_xgb_box_test_xgb_xgb_cv10_filter_fm_Corr_normalized_fm_None_smpl_splited_fm_fm_3_2_1_2
c85d88fc56f4e042,target,save_plot_xgb_box_plot_xgb_box_test_xgb_xgb_cv10_filter_fm_Corr_normalized_fm_None_smpl_splited_fm_fm_3_2_2_1
c85d88fc56f4e042,target,save_plot_xgb_box_plot_xgb_box_test_xgb_xgb_cv10_filter_fm_Corr_normalized_fm_None_smpl_splited_fm_fm_3_2_2_2
c85d88fc56f4e042,target,save_plot_xgb_box_plot_xgb_box_test_xgb_xgb_cv10_filter_fm_Corr_normalized_fm_None_smpl_splited_fm_fm_6_2_1_1
c85d88fc56f4e042,target,save_plot_xgb_box_plot_xgb_box_test_xgb_xgb_cv10_filter_fm_Corr_normalized_fm_None_smpl_splited_fm_fm_6_2_1_2
c85d88fc56f4e042,target,save_plot_xgb_box_plot_xgb_box_test_xgb_xgb_cv10_filter_fm_Corr_normalized_fm_None_smpl_splited_fm_fm_6_2_2_1
c85d88fc56f4e042,target,save_plot_xgb_box_plot_xgb_box_test_xgb_xgb_cv10_filter_fm_Corr_normalized_fm_None_smpl_splited_fm_fm_6_2_2_2
c85d88fc56f4e042,target,save_plot_xgb_box_plot_xgb_box_test_xgb_xgb_cv10_filter_fm_None_normalized_fm_None_smpl_splited_fm_fm_3_2_1_1
c85d88fc56f4e042,target,save_plot_xgb_box_plot_xgb_box_test_xgb_xgb_cv10_filter_fm_None_normalized_fm_None_smpl_splited_fm_fm_3_2_1_2
c85d88fc56f4e042,target,save_plot_xgb_box_plot_xgb_box_test_xgb_xgb_cv10_filter_fm_None_normalized_fm_None_smpl_splited_fm_fm_3_2_2_1
c85d88fc56f4e042,target,save_plot_xgb_box_plot_xgb_box_test_xgb_xgb_cv10_filter_fm_None_normalized_fm_None_smpl_splited_fm_fm_3_2_2_2
c85d88fc56f4e042,target,save_plot_xgb_box_plot_xgb_box_test_xgb_xgb_cv10_filter_fm_None_normalized_fm_None_smpl_splited_fm_fm_6_2_1_1
c85d88fc56f4e042,target,save_plot_xgb_box_plot_xgb_box_test_xgb_xgb_cv10_filter_fm_None_normalized_fm_None_smpl_splited_fm_fm_6_2_1_2
c85d88fc56f4e042,target,save_plot_xgb_box_plot_xgb_box_test_xgb_xgb_cv10_filter_fm_None_normalized_fm_None_smpl_splited_fm_fm_6_2_2_1
c85d88fc56f4e042,target,save_plot_xgb_box_plot_xgb_box_test_xgb_xgb_cv10_filter_fm_None_normalized_fm_None_smpl_splited_fm_fm_6_2_2_2
c85d88fc56f4e042,target,save_plot_xgb_box_plot_xgb_box_test_xgb_xgb_cv10_filter_fm_ZVar_normalized_fm_None_smpl_splited_fm_fm_3_2_1_1
c85d88fc56f4e042,target,save_plot_xgb_box_plot_xgb_box_test_xgb_xgb_cv10_filter_fm_ZVar_normalized_fm_None_smpl_splited_fm_fm_3_2_1_2
c85d88fc56f4e042,target,save_plot_xgb_box_plot_xgb_box_test_xgb_xgb_cv10_filter_fm_ZVar_normalized_fm_None_smpl_splited_fm_fm_3_2_2_1
c85d88fc56f4e042,target,save_plot_xgb_box_plot_xgb_box_test_xgb_xgb_cv10_filter_fm_ZVar_normalized_fm_None_smpl_splited_fm_fm_3_2_2_2
c85d88fc56f4e042,target,save_plot_xgb_box_plot_xgb_box_test_xgb_xgb_cv10_filter_fm_ZVar_normalized_fm_None_smpl_splited_fm_fm_6_2_1_1
c85d88fc56f4e042,target,save_plot_xgb_box_plot_xgb_box_test_xgb_xgb_cv10_filter_fm_ZVar_normalized_fm_None_smpl_splited_fm_fm_6_2_1_2
c85d88fc56f4e042,target,save_plot_xgb_box_plot_xgb_box_test_xgb_xgb_cv10_filter_fm_ZVar_normalized_fm_None_smpl_splited_fm_fm_6_2_2_1
c85d88fc56f4e042,target,save_plot_xgb_box_plot_xgb_box_test_xgb_xgb_cv10_filter_fm_ZVar_normalized_fm_None_smpl_splited_fm_fm_6_2_2_2
c85d88fc56f4e042,target,save_plot_xgb_plot_xgb_test_xgb_xgb_cv10_normalized_fm_None_smpl_splited_fm_fm_3_2_1_1
c85d88fc56f4e042,target,save_plot_xgb_plot_xgb_test_xgb_xgb_cv10_normalized_fm_None_smpl_splited_fm_fm_3_2_1_2
c85d88fc56f4e042,target,save_plot_xgb_plot_xgb_test_xgb_xgb_cv10_normalized_fm_None_smpl_splited_fm_fm_3_2_2_1
c85d88fc56f4e042,target,save_plot_xgb_plot_xgb_test_xgb_xgb_cv10_normalized_fm_None_smpl_splited_fm_fm_3_2_2_2
c85d88fc56f4e042,target,save_plot_xgb_plot_xgb_test_xgb_xgb_cv10_normalized_fm_None_smpl_splited_fm_fm_6_2_1_1
c85d88fc56f4e042,target,save_plot_xgb_plot_xgb_test_xgb_xgb_cv10_normalized_fm_None_smpl_splited_fm_fm_6_2_1_2
c85d88fc56f4e042,target,save_plot_xgb_plot_xgb_test_xgb_xgb_cv10_normalized_fm_None_smpl_splited_fm_fm_6_2_2_1
c85d88fc56f4e042,target,save_plot_xgb_plot_xgb_test_xgb_xgb_cv10_normalized_fm_None_smpl_splited_fm_fm_6_2_2_2
c85d88fc56f4e042,target,save_plot_xgb_pointT_plot_xgb_pointT_test_xgb_xgb_cv10_filter_fm_Corr_normalized_fm_None_smpl_splited_fm_fm_3_2_1_1
c85d88fc56f4e042,target,save_plot_xgb_pointT_plot_xgb_pointT_test_xgb_xgb_cv10_filter_fm_Corr_normalized_fm_None_smpl_splited_fm_fm_3_2_1_2
c85d88fc56f4e042,target,save_plot_xgb_pointT_plot_xgb_pointT_test_xgb_xgb_cv10_filter_fm_Corr_normalized_fm_None_smpl_splited_fm_fm_3_2_2_1
c85d88fc56f4e042,target,save_plot_xgb_pointT_plot_xgb_pointT_test_xgb_xgb_cv10_filter_fm_Corr_normalized_fm_None_smpl_splited_fm_fm_3_2_2_2
c85d88fc56f4e042,target,save_plot_xgb_pointT_plot_xgb_pointT_test_xgb_xgb_cv10_filter_fm_Corr_normalized_fm_None_smpl_splited_fm_fm_6_2_1_1
c85d88fc56f4e042,target,save_plot_xgb_pointT_plot_xgb_pointT_test_xgb_xgb_cv10_filter_fm_Corr_normalized_fm_None_smpl_splited_fm_fm_6_2_1_2
c85d88fc56f4e042,target,save_plot_xgb_pointT_plot_xgb_pointT_test_xgb_xgb_cv10_filter_fm_Corr_normalized_fm_None_smpl_splited_fm_fm_6_2_2_1
c85d88fc56f4e042,target,save_plot_xgb_pointT_plot_xgb_pointT_test_xgb_xgb_cv10_filter_fm_Corr_normalized_fm_None_smpl_splited_fm_fm_6_2_2_2
c85d88fc56f4e042,target,save_plot_xgb_pointT_plot_xgb_pointT_test_xgb_xgb_cv10_filter_fm_None_normalized_fm_None_smpl_splited_fm_fm_3_2_1_1
c85d88fc56f4e042,target,save_plot_xgb_pointT_plot_xgb_pointT_test_xgb_xgb_cv10_filter_fm_None_normalized_fm_None_smpl_splited_fm_fm_3_2_1_2
c85d88fc56f4e042,target,save_plot_xgb_pointT_plot_xgb_pointT_test_xgb_xgb_cv10_filter_fm_None_normalized_fm_None_smpl_splited_fm_fm_3_2_2_1
c85d88fc56f4e042,target,save_plot_xgb_pointT_plot_xgb_pointT_test_xgb_xgb_cv10_filter_fm_None_normalized_fm_None_smpl_splited_fm_fm_3_2_2_2
c85d88fc56f4e042,target,save_plot_xgb_pointT_plot_xgb_pointT_test_xgb_xgb_cv10_filter_fm_None_normalized_fm_None_smpl_splited_fm_fm_6_2_1_1
c85d88fc56f4e042,target,save_plot_xgb_pointT_plot_xgb_pointT_test_xgb_xgb_cv10_filter_fm_None_normalized_fm_None_smpl_splited_fm_fm_6_2_1_2
c85d88fc56f4e042,target,save_plot_xgb_pointT_plot_xgb_pointT_test_xgb_xgb_cv10_filter_fm_None_normalized_fm_None_smpl_splited_fm_fm_6_2_2_1
c85d88fc56f4e042,target,save_plot_xgb_pointT_plot_xgb_pointT_test_xgb_xgb_cv10_filter_fm_None_normalized_fm_None_smpl_splited_fm_fm_6_2_2_2
c85d88fc56f4e042,target,save_plot_xgb_pointT_plot_xgb_pointT_test_xgb_xgb_cv10_filter_fm_ZVar_normalized_fm_None_smpl_splited_fm_fm_3_2_1_1
c85d88fc56f4e042,target,save_plot_xgb_pointT_plot_xgb_pointT_test_xgb_xgb_cv10_filter_fm_ZVar_normalized_fm_None_smpl_splited_fm_fm_3_2_1_2
c85d88fc56f4e042,target,save_plot_xgb_pointT_plot_xgb_pointT_test_xgb_xgb_cv10_filter_fm_ZVar_normalized_fm_None_smpl_splited_fm_fm_3_2_2_1
c85d88fc56f4e042,target,save_plot_xgb_pointT_plot_xgb_pointT_test_xgb_xgb_cv10_filter_fm_ZVar_normalized_fm_None_smpl_splited_fm_fm_3_2_2_2
c85d88fc56f4e042,target,save_plot_xgb_pointT_plot_xgb_pointT_test_xgb_xgb_cv10_filter_fm_ZVar_normalized_fm_None_smpl_splited_fm_fm_6_2_1_1
c85d88fc56f4e042,target,save_plot_xgb_pointT_plot_xgb_pointT_test_xgb_xgb_cv10_filter_fm_ZVar_normalized_fm_None_smpl_splited_fm_fm_6_2_1_2
c85d88fc56f4e042,target,save_plot_xgb_pointT_plot_xgb_pointT_test_xgb_xgb_cv10_filter_fm_ZVar_normalized_fm_None_smpl_splited_fm_fm_6_2_2_1
c85d88fc56f4e042,target,save_plot_xgb_pointT_plot_xgb_pointT_test_xgb_xgb_cv10_filter_fm_ZVar_normalized_fm_None_smpl_splited_fm_fm_6_2_2_2
c85d88fc56f4e042,target,save_plot_xgb_point_plot_xgb_point_test_xgb_xgb_cv10_filter_fm_Corr_normalized_fm_None_smpl_splited_fm_fm_3_2_1_1
c85d88fc56f4e042,target,save_plot_xgb_point_plot_xgb_point_test_xgb_xgb_cv10_filter_fm_Corr_normalized_fm_None_smpl_splited_fm_fm_3_2_1_2
c85d88fc56f4e042,target,save_plot_xgb_point_plot_xgb_point_test_xgb_xgb_cv10_filter_fm_Corr_normalized_fm_None_smpl_splited_fm_fm_3_2_2_1
c85d88fc56f4e042,target,save_plot_xgb_point_plot_xgb_point_test_xgb_xgb_cv10_filter_fm_Corr_normalized_fm_None_smpl_splited_fm_fm_3_2_2_2
c85d88fc56f4e042,target,save_plot_xgb_point_plot_xgb_point_test_xgb_xgb_cv10_filter_fm_Corr_normalized_fm_None_smpl_splited_fm_fm_6_2_1_1
c85d88fc56f4e042,target,save_plot_xgb_point_plot_xgb_point_test_xgb_xgb_cv10_filter_fm_Corr_normalized_fm_None_smpl_splited_fm_fm_6_2_1_2
c85d88fc56f4e042,target,save_plot_xgb_point_plot_xgb_point_test_xgb_xgb_cv10_filter_fm_Corr_normalized_fm_None_smpl_splited_fm_fm_6_2_2_1
c85d88fc56f4e042,target,save_plot_xgb_point_plot_xgb_point_test_xgb_xgb_cv10_filter_fm_Corr_normalized_fm_None_smpl_splited_fm_fm_6_2_2_2
c85d88fc56f4e042,target,save_plot_xgb_point_plot_xgb_point_test_xgb_xgb_cv10_filter_fm_None_normalized_fm_None_smpl_splited_fm_fm_3_2_1_1
c85d88fc56f4e042,target,save_plot_xgb_point_plot_xgb_point_test_xgb_xgb_cv10_filter_fm_None_normalized_fm_None_smpl_splited_fm_fm_3_2_1_2
c85d88fc56f4e042,target,save_plot_xgb_point_plot_xgb_point_test_xgb_xgb_cv10_filter_fm_None_normalized_fm_None_smpl_splited_fm_fm_3_2_2_1
c85d88fc56f4e042,target,save_plot_xgb_point_plot_xgb_point_test_xgb_xgb_cv10_filter_fm_None_normalized_fm_None_smpl_splited_fm_fm_3_2_2_2
c85d88fc56f4e042,target,save_plot_xgb_point_plot_xgb_point_test_xgb_xgb_cv10_filter_fm_None_normalized_fm_None_smpl_splited_fm_fm_6_2_1_1
c85d88fc56f4e042,target,save_plot_xgb_point_plot_xgb_point_test_xgb_xgb_cv10_filter_fm_None_normalized_fm_None_smpl_splited_fm_fm_6_2_1_2
c85d88fc56f4e042,target,save_plot_xgb_point_plot_xgb_point_test_xgb_xgb_cv10_filter_fm_None_normalized_fm_None_smpl_splited_fm_fm_6_2_2_1
c85d88fc56f4e042,target,save_plot_xgb_point_plot_xgb_point_test_xgb_xgb_cv10_filter_fm_None_normalized_fm_None_smpl_splited_fm_fm_6_2_2_2
c85d88fc56f4e042,target,save_plot_xgb_point_plot_xgb_point_test_xgb_xgb_cv10_filter_fm_ZVar_normalized_fm_None_smpl_splited_fm_fm_3_2_1_1
c85d88fc56f4e042,target,save_plot_xgb_point_plot_xgb_point_test_xgb_xgb_cv10_filter_fm_ZVar_normalized_fm_None_smpl_splited_fm_fm_3_2_1_2
c85d88fc56f4e042,target,save_plot_xgb_point_plot_xgb_point_test_xgb_xgb_cv10_filter_fm_ZVar_normalized_fm_None_smpl_splited_fm_fm_3_2_2_1
c85d88fc56f4e042,target,save_plot_xgb_point_plot_xgb_point_test_xgb_xgb_cv10_filter_fm_ZVar_normalized_fm_None_smpl_splited_fm_fm_3_2_2_2
c85d88fc56f4e042,target,save_plot_xgb_point_plot_xgb_point_test_xgb_xgb_cv10_filter_fm_ZVar_normalized_fm_None_smpl_splited_fm_fm_6_2_1_1
c85d88fc56f4e042,target,save_plot_xgb_point_plot_xgb_point_test_xgb_xgb_cv10_filter_fm_ZVar_normalized_fm_None_smpl_splited_fm_fm_6_2_1_2
c85d88fc56f4e042,target,save_plot_xgb_point_plot_xgb_point_test_xgb_xgb_cv10_filter_fm_ZVar_normalized_fm_None_smpl_splited_fm_fm_6_2_2_1
c85d88fc56f4e042,target,save_plot_xgb_point_plot_xgb_point_test_xgb_xgb_cv10_filter_fm_ZVar_normalized_fm_None_smpl_splited_fm_fm_6_2_2_2
0e40effb4352cb79,import,smpl
56fdd28ab77e7a73,import,smpl_split_fm
b92b053c04b72e31,target,smpl_splited_fm_fm_3_2_1_1
6b51fee152156e72,target,smpl_splited_fm_fm_3_2_1_2
d75c9244d6a5c0a9,target,smpl_splited_fm_fm_3_2_2_1
845e424b9168e03c,target,smpl_splited_fm_fm_3_2_2_2
8d7b2eedfa43a8e9,target,smpl_splited_fm_fm_6_2_1_1
a936f0339d782f92,target,smpl_splited_fm_fm_6_2_1_2
f596310003876de6,target,smpl_splited_fm_fm_6_2_2_1
b300cd54979447cd,target,smpl_splited_fm_fm_6_2_2_2
33d06991044d8b99,target,specDF_fm_3_2_1_1
f918fa2cb04473b2,target,specDF_fm_3_2_1_2
2fe021339169d372,target,specDF_fm_3_2_2_1
1f1f08c734f258dc,target,specDF_fm_3_2_2_2
c8b42a061b8a29d6,target,specDF_fm_6_2_1_1
00d00fbf2fb0c4a0,target,specDF_fm_6_2_1_2
e2c829504925a083,target,specDF_fm_6_2_2_1
2f3f83e89c35fae7,target,specDF_fm_6_2_2_2
0f62b3102b8e92d2,target,specStat
323ab203d956212d,import,test_model
52f9c4a510739df4,target,test_rf_rf_cv10_filter_fm_Corr_normalized_fm_None_smpl_splited_fm_fm_3_2_1_1
ab76c4a600bbbf47,target,test_rf_rf_cv10_filter_fm_Corr_normalized_fm_None_smpl_splited_fm_fm_3_2_1_2
92b399dcdac489d3,target,test_rf_rf_cv10_filter_fm_Corr_normalized_fm_None_smpl_splited_fm_fm_3_2_2_1
ed8db8e1a56b280a,target,test_rf_rf_cv10_filter_fm_Corr_normalized_fm_None_smpl_splited_fm_fm_3_2_2_2
340914f6fe8e65a0,target,test_rf_rf_cv10_filter_fm_Corr_normalized_fm_None_smpl_splited_fm_fm_6_2_1_1
4a233618f2c5ffba,target,test_rf_rf_cv10_filter_fm_Corr_normalized_fm_None_smpl_splited_fm_fm_6_2_1_2
13aaa245875554ad,target,test_rf_rf_cv10_filter_fm_Corr_normalized_fm_None_smpl_splited_fm_fm_6_2_2_1
90db2842226edd74,target,test_rf_rf_cv10_filter_fm_Corr_normalized_fm_None_smpl_splited_fm_fm_6_2_2_2
8b3aac7e9a125646,target,test_rf_rf_cv10_filter_fm_None_normalized_fm_None_smpl_splited_fm_fm_3_2_1_1
81a347b4a3575184,target,test_rf_rf_cv10_filter_fm_None_normalized_fm_None_smpl_splited_fm_fm_3_2_1_2
c13eb1c6d6af29f8,target,test_rf_rf_cv10_filter_fm_None_normalized_fm_None_smpl_splited_fm_fm_3_2_2_1
56fe258ecbd43248,target,test_rf_rf_cv10_filter_fm_None_normalized_fm_None_smpl_splited_fm_fm_3_2_2_2
9f681ff0057c5e3e,target,test_rf_rf_cv10_filter_fm_None_normalized_fm_None_smpl_splited_fm_fm_6_2_1_1
a60b41f6684755b2,target,test_rf_rf_cv10_filter_fm_None_normalized_fm_None_smpl_splited_fm_fm_6_2_1_2
cc566026537d01e1,target,test_rf_rf_cv10_filter_fm_None_normalized_fm_None_smpl_splited_fm_fm_6_2_2_1
3c3e480c95548cae,target,test_rf_rf_cv10_filter_fm_None_normalized_fm_None_smpl_splited_fm_fm_6_2_2_2
0e5eb956280a5992,target,test_rf_rf_cv10_filter_fm_ZVar_normalized_fm_None_smpl_splited_fm_fm_3_2_1_1
0c52de7bac1bf1d7,target,test_rf_rf_cv10_filter_fm_ZVar_normalized_fm_None_smpl_splited_fm_fm_3_2_1_2
cf37a48a021a1cd2,target,test_rf_rf_cv10_filter_fm_ZVar_normalized_fm_None_smpl_splited_fm_fm_3_2_2_1
618ae05562521424,target,test_rf_rf_cv10_filter_fm_ZVar_normalized_fm_None_smpl_splited_fm_fm_3_2_2_2
a1134b78f3e6d789,target,test_rf_rf_cv10_filter_fm_ZVar_normalized_fm_None_smpl_splited_fm_fm_6_2_1_1
1276738237aa88a5,target,test_rf_rf_cv10_filter_fm_ZVar_normalized_fm_None_smpl_splited_fm_fm_6_2_1_2
e739dc7fd7017afb,target,test_rf_rf_cv10_filter_fm_ZVar_normalized_fm_None_smpl_splited_fm_fm_6_2_2_1
a9a5275c2bfaa32d,target,test_rf_rf_cv10_filter_fm_ZVar_normalized_fm_None_smpl_splited_fm_fm_6_2_2_2
698128b1c437b2fc,target,test_rf_rf_cv10_normalized_fm_None_smpl_splited_fm_fm_3_2_1_1
7ae32de81c5fd2cf,target,test_rf_rf_cv10_normalized_fm_None_smpl_splited_fm_fm_3_2_1_2
012a45da9855567d,target,test_rf_rf_cv10_normalized_fm_None_smpl_splited_fm_fm_3_2_2_1
358982d74c26cd9d,target,test_rf_rf_cv10_normalized_fm_None_smpl_splited_fm_fm_3_2_2_2
22d6480edca86597,target,test_rf_rf_cv10_normalized_fm_None_smpl_splited_fm_fm_6_2_1_1
be2295297053d392,target,test_rf_rf_cv10_normalized_fm_None_smpl_splited_fm_fm_6_2_1_2
f552fe1f6de5fe6e,target,test_rf_rf_cv10_normalized_fm_None_smpl_splited_fm_fm_6_2_2_1
286288b740880586,target,test_rf_rf_cv10_normalized_fm_None_smpl_splited_fm_fm_6_2_2_2
4e3ef8fa7cc8d01a,target,test_xgb_xgb_cv10_filter_fm_Corr_normalized_fm_None_smpl_splited_fm_fm_3_2_1_1
43e7820cd721ff2c,target,test_xgb_xgb_cv10_filter_fm_Corr_normalized_fm_None_smpl_splited_fm_fm_3_2_1_2
e80d5bd99cfb76ae,target,test_xgb_xgb_cv10_filter_fm_Corr_normalized_fm_None_smpl_splited_fm_fm_3_2_2_1
90fe2f908d1f2e0f,target,test_xgb_xgb_cv10_filter_fm_Corr_normalized_fm_None_smpl_splited_fm_fm_3_2_2_2
2f4b41ebb9c94136,target,test_xgb_xgb_cv10_filter_fm_Corr_normalized_fm_None_smpl_splited_fm_fm_6_2_1_1
61f6a52623c7bad3,target,test_xgb_xgb_cv10_filter_fm_Corr_normalized_fm_None_smpl_splited_fm_fm_6_2_1_2
93c6386649180cae,target,test_xgb_xgb_cv10_filter_fm_Corr_normalized_fm_None_smpl_splited_fm_fm_6_2_2_1
58436a1ea69cefc4,target,test_xgb_xgb_cv10_filter_fm_Corr_normalized_fm_None_smpl_splited_fm_fm_6_2_2_2
6b388d16a7998084,target,test_xgb_xgb_cv10_filter_fm_None_normalized_fm_None_smpl_splited_fm_fm_3_2_1_1
c5e2450338047a7d,target,test_xgb_xgb_cv10_filter_fm_None_normalized_fm_None_smpl_splited_fm_fm_3_2_1_2
61b34c12e64ff5d7,target,test_xgb_xgb_cv10_filter_fm_None_normalized_fm_None_smpl_splited_fm_fm_3_2_2_1
cbdfb942907e83f3,target,test_xgb_xgb_cv10_filter_fm_None_normalized_fm_None_smpl_splited_fm_fm_3_2_2_2
cd554874158a82ac,target,test_xgb_xgb_cv10_filter_fm_None_normalized_fm_None_smpl_splited_fm_fm_6_2_1_1
d7aee8a13aa7129f,target,test_xgb_xgb_cv10_filter_fm_None_normalized_fm_None_smpl_splited_fm_fm_6_2_1_2
143ce7eb5f7c8188,target,test_xgb_xgb_cv10_filter_fm_None_normalized_fm_None_smpl_splited_fm_fm_6_2_2_1
7c4774525e16a905,target,test_xgb_xgb_cv10_filter_fm_None_normalized_fm_None_smpl_splited_fm_fm_6_2_2_2
580c9298aff3d7f1,target,test_xgb_xgb_cv10_filter_fm_ZVar_normalized_fm_None_smpl_splited_fm_fm_3_2_1_1
d70322dfbcc2b031,target,test_xgb_xgb_cv10_filter_fm_ZVar_normalized_fm_None_smpl_splited_fm_fm_3_2_1_2
a6cf451eca2be8ad,target,test_xgb_xgb_cv10_filter_fm_ZVar_normalized_fm_None_smpl_splited_fm_fm_3_2_2_1
4a449f2f6262dc34,target,test_xgb_xgb_cv10_filter_fm_ZVar_normalized_fm_None_smpl_splited_fm_fm_3_2_2_2
7e0142c2220dfa50,target,test_xgb_xgb_cv10_filter_fm_ZVar_normalized_fm_None_smpl_splited_fm_fm_6_2_1_1
b668f6e0a64b1b9a,target,test_xgb_xgb_cv10_filter_fm_ZVar_normalized_fm_None_smpl_splited_fm_fm_6_2_1_2
2dfc8a5741200ea8,target,test_xgb_xgb_cv10_filter_fm_ZVar_normalized_fm_None_smpl_splited_fm_fm_6_2_2_1
81cbeb228c5f57d5,target,test_xgb_xgb_cv10_filter_fm_ZVar_normalized_fm_None_smpl_splited_fm_fm_6_2_2_2
9b3ccb03d8bdeb36,target,test_xgb_xgb_cv10_normalized_fm_None_smpl_splited_fm_fm_3_2_1_1
437f9efa1ba9e3ea,target,test_xgb_xgb_cv10_normalized_fm_None_smpl_splited_fm_fm_3_2_1_2
5fee480a464601b4,target,test_xgb_xgb_cv10_normalized_fm_None_smpl_splited_fm_fm_3_2_2_1
4269a62198308e3b,target,test_xgb_xgb_cv10_normalized_fm_None_smpl_splited_fm_fm_3_2_2_2
96a85f475bdd98a3,target,test_xgb_xgb_cv10_normalized_fm_None_smpl_splited_fm_fm_6_2_1_1
ec2086188ae4c90e,target,test_xgb_xgb_cv10_normalized_fm_None_smpl_splited_fm_fm_6_2_1_2
0a3ccbc3cab774dc,target,test_xgb_xgb_cv10_normalized_fm_None_smpl_splited_fm_fm_6_2_2_1
1514588625b6c7b7,target,test_xgb_xgb_cv10_normalized_fm_None_smpl_splited_fm_fm_6_2_2_2
397fa1b016317a40,import,train_model
0dcdb0ecaa33fb26,import,train_rf
9feec33c3cd8b553,import,train_xgb
c85d88fc56f4e042,target,wrtPatStat
c85d88fc56f4e042,target,wrtSpecStat
0ba23340edda71f6,target,xgb_cv10_filter_fm_Corr_normalized_fm_None_smpl_splited_fm_fm_3_2_1_1
afc54867b6e34dd5,target,xgb_cv10_filter_fm_Corr_normalized_fm_None_smpl_splited_fm_fm_3_2_1_2
5d4edb9d2f00620f,target,xgb_cv10_filter_fm_Corr_normalized_fm_None_smpl_splited_fm_fm_3_2_2_1
ec9d9d98427e4bc6,target,xgb_cv10_filter_fm_Corr_normalized_fm_None_smpl_splited_fm_fm_3_2_2_2
411bf0e46cc4d91f,target,xgb_cv10_filter_fm_Corr_normalized_fm_None_smpl_splited_fm_fm_6_2_1_1
882615b58d12d4c8,target,xgb_cv10_filter_fm_Corr_normalized_fm_None_smpl_splited_fm_fm_6_2_1_2
34d2824807fdefa9,target,xgb_cv10_filter_fm_Corr_normalized_fm_None_smpl_splited_fm_fm_6_2_2_1
9769575881874449,target,xgb_cv10_filter_fm_Corr_normalized_fm_None_smpl_splited_fm_fm_6_2_2_2
9117259e664ce988,target,xgb_cv10_filter_fm_None_normalized_fm_None_smpl_splited_fm_fm_3_2_1_1
a093fbb5f3d1255d,target,xgb_cv10_filter_fm_None_normalized_fm_None_smpl_splited_fm_fm_3_2_1_2
5f235c0cc2d45a55,target,xgb_cv10_filter_fm_None_normalized_fm_None_smpl_splited_fm_fm_3_2_2_1
c040a4ee7242c6bc,target,xgb_cv10_filter_fm_None_normalized_fm_None_smpl_splited_fm_fm_3_2_2_2
a16a7b03f783e008,target,xgb_cv10_filter_fm_None_normalized_fm_None_smpl_splited_fm_fm_6_2_1_1
f6321feb9745404b,target,xgb_cv10_filter_fm_None_normalized_fm_None_smpl_splited_fm_fm_6_2_1_2
f892608210c47ba5,target,xgb_cv10_filter_fm_None_normalized_fm_None_smpl_splited_fm_fm_6_2_2_1
4c6411a04de8ae9c,target,xgb_cv10_filter_fm_None_normalized_fm_None_smpl_splited_fm_fm_6_2_2_2
eb3f1e557482a25c,target,xgb_cv10_filter_fm_ZVar_normalized_fm_None_smpl_splited_fm_fm_3_2_1_1
46ac38f398947501,target,xgb_cv10_filter_fm_ZVar_normalized_fm_None_smpl_splited_fm_fm_3_2_1_2
af4b4ff9ddb43079,target,xgb_cv10_filter_fm_ZVar_normalized_fm_None_smpl_splited_fm_fm_3_2_2_1
45beb9850bbfd24a,target,xgb_cv10_filter_fm_ZVar_normalized_fm_None_smpl_splited_fm_fm_3_2_2_2
dbb8280deea01143,target,xgb_cv10_filter_fm_ZVar_normalized_fm_None_smpl_splited_fm_fm_6_2_1_1
59a27756546de675,target,xgb_cv10_filter_fm_ZVar_normalized_fm_None_smpl_splited_fm_fm_6_2_1_2
30a024a29b40eee5,target,xgb_cv10_filter_fm_ZVar_normalized_fm_None_smpl_splited_fm_fm_6_2_2_1
e96a5b3a9d14ea77,target,xgb_cv10_filter_fm_ZVar_normalized_fm_None_smpl_splited_fm_fm_6_2_2_2
26689153a4c546cb,target,xgb_cv10_normalized_fm_None_smpl_splited_fm_fm_3_2_1_1
6498c8b0cc797346,target,xgb_cv10_normalized_fm_None_smpl_splited_fm_fm_3_2_1_2
f644c0bb0af93228,target,xgb_cv10_normalized_fm_None_smpl_splited_fm_fm_3_2_2_1
de6afbba21eb125b,target,xgb_cv10_normalized_fm_None_smpl_splited_fm_fm_3_2_2_2
c9a610a2cac65c7f,target,xgb_cv10_normalized_fm_None_smpl_splited_fm_fm_6_2_1_1
e314e37d0a52cae6,target,xgb_cv10_normalized_fm_None_smpl_splited_fm_fm_6_2_1_2
50d5f01150bc174a,target,xgb_cv10_normalized_fm_None_smpl_splited_fm_fm_6_2_2_1
5f253f4981c2dc21,target,xgb_cv10_normalized_fm_None_smpl_splited_fm_fm_6_2_2_2
